resource_id,title,file_path,size_bytes,company,category,subtopic,estimated_minutes,xp_reward,revision_priority
"dsa-res-250dsa-questions-for-placements","250+DSA QUESTIONS FOR PLACEMENTS","/resources/dsa/250+DSA QUESTIONS FOR PLACEMENTS.pdf",477995,"general","DSA","",30,50,"medium"
"tcs-res-pro-tcs-technical-paid-paper","Pro TCS Technical Paid Paper","/resources/tcs/Pro TCS Technical Paid Paper.pdf",263824,"tcs","Core Subjects","Technical & Coding",30,50,"high"
"tcs-res-tcs-answer1","TCS Answer(1)","/resources/tcs/TCS Answer(1).pdf",276375,"tcs","Previous Year Questions","",30,50,"medium"
"tcs-res-tcs-aptitude-paid","TCS Aptitude Paid","/resources/tcs/TCS Aptitude Paid.pdf",5705713,"tcs","Aptitude","",120,150,"high"
"tcs-res-tcs-ninja-quantitative-aptitude-21","TCS Ninja Quantitative Aptitude 2(1)","/resources/tcs/TCS Ninja - Quantitative Aptitude_2(1).docx",552843,"tcs","Aptitude","Quantitative Aptitude",60,100,"medium"
"tcs-res-tcs-ninja-quantitative-aptitude-3r1","TCS Ninja Quantitative Aptitude 3(R)(1)","/resources/tcs/TCS Ninja - Quantitative Aptitude_3(R)(1).docx",601290,"tcs","Aptitude","Quantitative Aptitude",60,100,"medium"
"tcs-res-tcs-ninja-quantitative-aptitude-41","TCS Ninja Quantitative Aptitude 4(1)","/resources/tcs/TCS Ninja - Quantitative Aptitude_4(1).docx",449982,"tcs","Aptitude","Quantitative Aptitude",30,50,"medium"
"tcs-res-tcs-ninja-quantitative-aptitude-51","TCS Ninja Quantitative Aptitude 5(1)","/resources/tcs/TCS Ninja - Quantitative Aptitude_5(1).docx",254254,"tcs","Aptitude","Quantitative Aptitude",30,50,"medium"
"tcs-res-tcs-ninja-quantitative-aptitude-6","TCS Ninja Quantitative Aptitude 6","/resources/tcs/TCS Ninja - Quantitative Aptitude_6.docx",2066915,"tcs","Aptitude","Quantitative Aptitude",120,150,"medium"
"tcs-res-tcs-ninja-verbal-ability-21","TCS Ninja Verbal Ability 2(1)","/resources/tcs/TCS Ninja - Verbal Ability_2(1).docx",250390,"tcs","Verbal Ability","Verbal Ability",30,50,"medium"
"tcs-res-tcs-ninja-verbal-ability-31","TCS Ninja Verbal Ability 3(1)","/resources/tcs/TCS Ninja - Verbal Ability_3(1).docx",248995,"tcs","Verbal Ability","Verbal Ability",30,50,"medium"
"tcs-res-tcs-ninja-verbal-ability-41","TCS Ninja Verbal Ability 4(1)","/resources/tcs/TCS Ninja - Verbal Ability_4(1).docx",248460,"tcs","Verbal Ability","Verbal Ability",30,50,"medium"
"tcs-res-tcs-ninja-verbal-ability-5r1","TCS Ninja Verbal Ability 5(R)(1)","/resources/tcs/TCS Ninja - Verbal Ability_5(R)(1).docx",547108,"tcs","Verbal Ability","Verbal Ability",60,100,"medium"
"tcs-res-tcs-ninja-verbal-ability-6r","TCS Ninja Verbal Ability 6(R)","/resources/tcs/TCS Ninja - Verbal Ability_6(R).docx",1043445,"tcs","Verbal Ability","Verbal Ability",60,100,"medium"
"tcs-res-tcs-ninja-most-repeated-questions-from-past-years","TCS Ninja Most Repeated Questions from past years","/resources/tcs/TCS Ninja Most Repeated Questions from past years.pdf",476791,"tcs","Core Subjects","",30,50,"medium"
"tcs-res-tcs-paper-2015","tcs paper 2015","/resources/tcs/tcs paper 2015.pdf",486760,"tcs","Previous Year Questions","",30,50,"medium"
"tcs-res-tcs-pdf-2","TCS PDF 2.","/resources/tcs/TCS PDF 2..pdf",875795,"tcs","Previous Year Questions","",60,100,"medium"
"tcs-res-tcs-placement-paper-2013","tcs placement paper 2013","/resources/tcs/tcs placement paper 2013.pdf",542444,"tcs","Previous Year Questions","",60,100,"medium"
"tcs-res-tcs-placement-paper","TCS Placement Paper","/resources/tcs/TCS Placement Paper.pdf",2269877,"tcs","Previous Year Questions","",120,150,"medium"
"tcs-res-tcs-placement-papers-1","TCS Placement Papers 1","/resources/tcs/TCS Placement Papers 1.pdf",465046,"tcs","Previous Year Questions","",30,50,"medium"
"tcs-res-tcs-placement-papers-10","TCS Placement Papers 10","/resources/tcs/TCS Placement Papers 10.pdf",869801,"tcs","Previous Year Questions","",60,100,"medium"
"tcs-res-tcs-placement-papers-11","TCS Placement Papers 11","/resources/tcs/TCS Placement Papers 11.pdf",621599,"tcs","Previous Year Questions","",60,100,"medium"
"tcs-res-tcs-placement-papers-2","TCS Placement Papers 2","/resources/tcs/TCS Placement Papers 2.pdf",309508,"tcs","Previous Year Questions","",30,50,"medium"
"tcs-res-tcs-placement-papers-2014","tcs placement papers 2014","/resources/tcs/tcs placement papers 2014.pdf",371703,"tcs","Previous Year Questions","",30,50,"medium"
"tcs-res-tcs-placement-papers-3","TCS Placement Papers 3","/resources/tcs/TCS Placement Papers 3.pdf",245662,"tcs","Previous Year Questions","",30,50,"medium"
"tcs-res-tcs-placement-papers-4","TCS Placement Papers 4","/resources/tcs/TCS Placement Papers 4.pdf",318184,"tcs","Previous Year Questions","",30,50,"medium"
"tcs-res-tcs-placement-papers-5","TCS Placement Papers 5","/resources/tcs/TCS Placement Papers 5.pdf",271107,"tcs","Previous Year Questions","",30,50,"medium"
"tcs-res-tcs-question","TCS QUESTION","/resources/tcs/TCS QUESTION.pdf",2581820,"tcs","Previous Year Questions","",120,150,"medium"
"tcs-res-tcs-technical-paid-paper-good","TCS Technical Paid Paper GOOD","/resources/tcs/TCS Technical Paid Paper GOOD.pdf",190457,"tcs","Core Subjects","Technical & Coding",30,50,"high"
"tcs-res-tcs-technical-questions-good","TCS Technical Questions GOOD","/resources/tcs/TCS Technical Questions GOOD.pdf",500832,"tcs","Core Subjects","Technical & Coding",60,100,"high"
"tcs-res-tcs-technical-questions","TCS Technical Questions","/resources/tcs/TCS Technical Questions.docx",28770,"tcs","Core Subjects","Technical & Coding",30,50,"medium"
"tcs-res-tcs-02t","TCS 02T","/resources/tcs/TCS_02T.docx",243776,"tcs","Previous Year Questions","",30,50,"medium"
"tcs-res-tcs-03t","TCS 03T","/resources/tcs/TCS_03T.docx",244449,"tcs","Previous Year Questions","",30,50,"medium"
"tcs-res-tcs-04c","TCS 04C","/resources/tcs/TCS_04C.docx",242993,"tcs","Previous Year Questions","",30,50,"medium"
"tcs-res-tcs-05c","TCS 05C","/resources/tcs/TCS_05C.docx",243205,"tcs","Previous Year Questions","",30,50,"medium"
"tcs-res-tcs-06c","TCS 06C","/resources/tcs/TCS_06C.docx",243228,"tcs","Previous Year Questions","",30,50,"medium"
"tcs-res-tcs-placement-papers-with-answers-technical-round-kolkata-13-jan-2","TCS Placement Papers with Answers Technical Round Kolkata , 13 Jan (2)","/resources/tcs/TCS_Placement_Papers_with_Answers_Technical_Round_Kolkata_,_13_Jan (2).pdf",303497,"tcs","Core Subjects","Technical & Coding",30,50,"medium"
"tcs-res-tcs-previous-year-paper","TCS Previous Year Paper","/resources/tcs/TCS_Previous_Year_Paper.pdf",140312,"tcs","Previous Year Questions","",30,50,"medium"
"tcs-res-tcs-quantitative-aptitude-question-paper-www-matterhere-com-nrr","TCS Quantitative Aptitude Question Paper www matterhere com NRR","/resources/tcs/TCS_Quantitative_Aptitude_Question_Paper_www_matterhere_com_NRR.pdf",67851,"tcs","Aptitude","Quantitative Aptitude",30,50,"medium"
"tcs-res-tcs-arthematic-placement-papers","TCS Arthematic Placement Papers","/resources/tcs/TCS-Arthematic-Placement-Papers.pdf",140376,"tcs","Aptitude","Arithmetic",30,50,"medium"
"tcs-res-tcs-coding-programming-questions","TCS Coding Programming Questions","/resources/tcs/TCS-Coding-Programming-Questions.pdf",426533,"tcs","DSA","Technical & Coding",30,50,"medium"
"tcs-res-tcs-model-question-papers","TCS Model Question Papers","/resources/tcs/TCS-Model-Question-Papers.pdf",144858,"tcs","Previous Year Questions","",30,50,"medium"
"tcs-res-tcs-ninja-quants-primer","tcs ninja quants primer","/resources/tcs/tcs-ninja-quants-primer.pdf",532222,"tcs","Aptitude","",60,100,"medium"
"tcs-res-tcs-nrr","tcs nrr","/resources/tcs/tcs-nrr.pdf",739569,"tcs","Previous Year Questions","",60,100,"medium"
"tcs-res-tcs-placement-aptitude-papers","TCS Placement Aptitude Papers","/resources/tcs/TCS-Placement-Aptitude-Papers.pdf",120995,"tcs","Aptitude","",30,50,"medium"
"tcs-res-tcs-placement-coding-papers","TCS Placement Coding Papers","/resources/tcs/TCS-Placement-Coding-Papers.pdf",133265,"tcs","DSA","Technical & Coding",30,50,"medium"
"tcs-res-tcs-placement-email-writing-papers","TCS Placement Email Writing Papers","/resources/tcs/TCS-Placement-Email-Writing-Papers.pdf",118237,"tcs","Verbal Ability","Verbal Ability",30,50,"medium"
"tcs-res-tcs-placement-papers-1-alt","Tcs Placement Papers 1","/resources/tcs/Tcs-Placement-Papers-1.pdf",296917,"tcs","Previous Year Questions","",30,50,"medium"
"tcs-res-tcs-placement-papers","TCS Placement Papers","/resources/tcs/TCS-Placement-Papers.pdf",15203,"tcs","Previous Year Questions","",30,50,"medium"
"tcs-res-tcs-previous-year-placement-question-paper","TCS Previous Year Placement Question Paper","/resources/tcs/TCS-Previous-Year-Placement-Question-Paper.pdf",126374,"tcs","Previous Year Questions","",30,50,"medium"
"tcs-res-tcs-sample-paper","TCS Sample paper","/resources/tcs/TCS-Sample-paper.pdf",297957,"tcs","Previous Year Questions","",30,50,"medium"
"tcs-res-tcs17-02t","TCS17 02T","/resources/tcs/TCS17-02T.docx",246014,"tcs","Previous Year Questions","",30,50,"medium"
"tcs-res-tcs17-03t","TCS17 03T","/resources/tcs/TCS17-03T.docx",247023,"tcs","Previous Year Questions","",30,50,"medium"
"tcs-res-tcs17-04tr","TCS17 04T(R)","/resources/tcs/TCS17-04T(R).docx",357951,"tcs","Previous Year Questions","",30,50,"medium"
"tcs-res-tcs17-05t","TCS17 05T","/resources/tcs/TCS17-05T.docx",989437,"tcs","Previous Year Questions","",60,100,"medium"
"tcs-res-tcs17-06t","TCS17 06T","/resources/tcs/TCS17-06T.docx",282955,"tcs","Previous Year Questions","",30,50,"medium"
"tcs-res-tcsaptitude","tcsaptitude","/resources/tcs/tcsaptitude.pdf",295328,"tcs","Aptitude","",30,50,"medium"
"tcs-res-tcspattern","tcspattern","/resources/tcs/tcspattern.pdf",221493,"tcs","Previous Year Questions","",30,50,"medium"
"tcs-res-tcsplacement-paper-2010","tcsplacement paper 2010","/resources/tcs/tcsplacement-paper-2010.pdf",13574,"tcs","Previous Year Questions","",30,50,"medium"
"general-res-100_aptitude_trick_102pgs_s","100 aptitude trick 102pgs s","/resources/general/100_aptitude_trick_102pgs_s.pdf",2236144,"general","Aptitude","",60,100,"medium"
"general-res-100_c_progms_for_placements_94pgs_","100 c progms for placements 94pgs","/resources/general/100_c_progms_for_placements_94pgs_.pdf",291979,"general","Previous Year Questions","",30,50,"medium"
"general-res-100_python_interview_questions_","100 python interview questions","/resources/general/100_python_interview_questions_.pdf",4047928,"general","DSA","",60,100,"medium"
"general-res-100_c_programs_with_output_","100+ c++ programs with output","/resources/general/100_c_programs_with_output_.pdf",718770,"general","DSA","",30,50,"medium"
"general-res-500_most_asked_apti_ques_in_tcs_wipro_in","500 most asked apti ques in tcs, wipro, infos 105pgs","/resources/general/500_most_asked_apti_ques_in_tcs_wipro_infos_105pgs_.pdf",2548622,"general","Aptitude","",60,100,"medium"
"general-res-5_6127344689734484085","5_6127344689734484085","/resources/general/5_6127344689734484085.docx",20521,"general","Previous Year Questions","",30,50,"medium"
"general-res-5_6131909509825691819","5_6131909509825691819","/resources/general/5_6131909509825691819.docx",9026,"general","Previous Year Questions","",30,50,"medium"
"general-res-5_6154252552469741805","5_6154252552469741805","/resources/general/5_6154252552469741805.xlsx",12429,"general","Previous Year Questions","",30,50,"medium"
"general-res-5_6170409656796577947","5_6170409656796577947","/resources/general/5_6170409656796577947.txt",4802,"general","Previous Year Questions","",30,50,"medium"
"general-res-5_6170409656796577949","5_6170409656796577949","/resources/general/5_6170409656796577949.doc",91648,"general","Previous Year Questions","",30,50,"medium"
"general-res-5_6170409656796577953","5_6170409656796577953","/resources/general/5_6170409656796577953.txt",5170,"general","Previous Year Questions","",30,50,"medium"
"general-res-5_6170409656796577955","5_6170409656796577955","/resources/general/5_6170409656796577955.docx",19046,"general","Previous Year Questions","",30,50,"medium"
"general-res-5_6226539149868925060","5_6226539149868925060","/resources/general/5_6226539149868925060.pdf",695654,"general","Previous Year Questions","",30,50,"medium"
"accenture-res-5_6055159642542047333","5_6055159642542047333","/resources/accenture/5_6055159642542047333.pdf",76271,"accenture","Previous Year Questions","",30,50,"medium"
"accenture-res-5_6055159642542047334","5_6055159642542047334","/resources/accenture/5_6055159642542047334.pdf",81581,"accenture","Previous Year Questions","",30,50,"medium"
"accenture-res-5_6055159642542047335","5_6055159642542047335","/resources/accenture/5_6055159642542047335.docx",11588,"accenture","Previous Year Questions","",30,50,"medium"
"accenture-res-5_6055506645834793146","5_6055506645834793146","/resources/accenture/5_6055506645834793146.pdf",356555,"accenture","Previous Year Questions","",30,50,"medium"
"accenture-res-5_6055506645834793147","5_6055506645834793147","/resources/accenture/5_6055506645834793147.pdf",364572,"accenture","Previous Year Questions","",30,50,"medium"
"accenture-res-5_6055506645834793150","5_6055506645834793150","/resources/accenture/5_6055506645834793150.pdf",695654,"accenture","Previous Year Questions","",30,50,"medium"
"accenture-res-5_6055506645834793151","5_6055506645834793151","/resources/accenture/5_6055506645834793151.pdf",127868,"accenture","Previous Year Questions","",30,50,"medium"
"accenture-res-5_6055506645834793152","5_6055506645834793152","/resources/accenture/5_6055506645834793152.docx",11669,"accenture","Previous Year Questions","",30,50,"medium"
"accenture-res-5_6055506645834793153","5_6055506645834793153","/resources/accenture/5_6055506645834793153.pdf",110514,"accenture","Previous Year Questions","",30,50,"medium"
"accenture-res-5_6055506645834793154","5_6055506645834793154","/resources/accenture/5_6055506645834793154.docx",21017,"accenture","Previous Year Questions","",30,50,"medium"
"accenture-res-5_6055506645834793155","5_6055506645834793155","/resources/accenture/5_6055506645834793155.pdf",79398,"accenture","Previous Year Questions","",30,50,"medium"
"accenture-res-5_6055506645834793156","5_6055506645834793156","/resources/accenture/5_6055506645834793156.docx",14259,"accenture","Previous Year Questions","",30,50,"medium"
"accenture-res-5_6055506645834793157","5_6055506645834793157","/resources/accenture/5_6055506645834793157.docx",11588,"accenture","Previous Year Questions","",30,50,"medium"
"accenture-res-5_6055506645834793158","5_6055506645834793158","/resources/accenture/5_6055506645834793158.pdf",83002,"accenture","Previous Year Questions","",30,50,"medium"
"accenture-res-5_6226494280345583907","5_6226494280345583907","/resources/accenture/5_6226494280345583907.pdf",2355890,"accenture","Previous Year Questions","",60,100,"medium"
"accenture-res-5_6226494280345583908","5_6226494280345583908","/resources/accenture/5_6226494280345583908.pdf",631280,"accenture","Previous Year Questions","",30,50,"medium"
"accenture-res-5_6226494280345583909","5_6226494280345583909","/resources/accenture/5_6226494280345583909.pdf",79398,"accenture","Previous Year Questions","",30,50,"medium"
"accenture-res-5_6226494280345583910","5_6226494280345583910","/resources/accenture/5_6226494280345583910.pdf",73874,"accenture","Previous Year Questions","",30,50,"medium"
"accenture-res-5_6226494280345583911","5_6226494280345583911","/resources/accenture/5_6226494280345583911.pdf",76271,"accenture","Previous Year Questions","",30,50,"medium"
"accenture-res-accenture_aptitude","Accenture aptitude","/resources/accenture/accenture_aptitude.pdf",127868,"accenture","Aptitude","",30,50,"medium"
"accenture-res-accenture_idc","Accenture IDC","/resources/accenture/accenture_idc.pdf",79398,"accenture","Previous Year Questions","",30,50,"medium"
"accenture-res-accenture_paper","Accenture paper","/resources/accenture/accenture_paper.pdf",83002,"accenture","Previous Year Questions","",30,50,"medium"
"accenture-res-accenture_paperr","Accenture paperr","/resources/accenture/accenture_paperr.pdf",76271,"accenture","Previous Year Questions","",30,50,"medium"
"accenture-res-5_6077880573588668773","5_6077880573588668773","/resources/accenture/5_6077880573588668773.pdf",209675,"accenture","Previous Year Questions","",30,50,"medium"
"accenture-res-5_6077880573588668774","5_6077880573588668774","/resources/accenture/5_6077880573588668774.pdf",200444,"accenture","Previous Year Questions","",30,50,"medium"
"accenture-res-5_6077880573588668775","5_6077880573588668775","/resources/accenture/5_6077880573588668775.pdf",183849,"accenture","Previous Year Questions","",30,50,"medium"
"accenture-res-5_6077880573588668776","5_6077880573588668776","/resources/accenture/5_6077880573588668776.pdf",179964,"accenture","Previous Year Questions","",30,50,"medium"
"accenture-res-5_6077880573588668777","5_6077880573588668777","/resources/accenture/5_6077880573588668777.pdf",296853,"accenture","Previous Year Questions","",30,50,"medium"
"accenture-res-5_6077880573588668778","5_6077880573588668778","/resources/accenture/5_6077880573588668778.pdf",197932,"accenture","Previous Year Questions","",30,50,"medium"
"accenture-res-5_6077880573588668779","5_6077880573588668779","/resources/accenture/5_6077880573588668779.pdf",231879,"accenture","Previous Year Questions","",30,50,"medium"
"accenture-res-5_6077880573588668780","5_6077880573588668780","/resources/accenture/5_6077880573588668780.pdf",314237,"accenture","Previous Year Questions","",30,50,"medium"
"accenture-res-5_6077880573588668781","5_6077880573588668781","/resources/accenture/5_6077880573588668781.pdf",218438,"accenture","Previous Year Questions","",30,50,"medium"
"accenture-res-5_6077880573588668782","5_6077880573588668782","/resources/accenture/5_6077880573588668782.pdf",176691,"accenture","Previous Year Questions","",30,50,"medium"
"accenture-res-5_6077880573588668783","5_6077880573588668783","/resources/accenture/5_6077880573588668783.pdf",458251,"accenture","Previous Year Questions","",30,50,"medium"
"accenture-res-5_6080003232325697657","5_6080003232325697657","/resources/accenture/5_6080003232325697657.pdf",239284,"accenture","Previous Year Questions","",30,50,"medium"
"accenture-res-5_6080003232325697658","5_6080003232325697658","/resources/accenture/5_6080003232325697658.pdf",198463,"accenture","Previous Year Questions","",30,50,"medium"
"accenture-res-5_6080003232325697659","5_6080003232325697659","/resources/accenture/5_6080003232325697659.pdf",199989,"accenture","Previous Year Questions","",30,50,"medium"
"accenture-res-accenture_questions_with_answers_","Accenture questions with answers","/resources/accenture/accenture_questions_with_answers_.pdf",97508,"accenture","Previous Year Questions","",30,50,"medium"
"accenture-res-accenture_questions_with_answers_2","Accenture questions with answers 2","/resources/accenture/accenture_questions_with_answers_2.pdf",127868,"accenture","Previous Year Questions","",30,50,"medium"
"accenture-res-accenture-aptitude-questions-and-answers","Accenture Aptitude Questions and Answers","/resources/accenture/accenture-aptitude-questions-and-answers.pdf",127868,"accenture","Aptitude","",30,50,"medium"
"accenture-res-accenture-logical-reasoning-questions-an","Accenture Logical Reasoning Questions and Answers","/resources/accenture/accenture-logical-reasoning-questions-and-answers.pdf",97508,"accenture","Aptitude","",30,50,"medium"
"accenture-res-accenture","Accenture","/resources/accenture/accenture.docx",48868,"accenture","Previous Year Questions","",30,50,"medium"
"accenture-res-accwnture_paper","Accwnture paper","/resources/accenture/accwnture_paper.pdf",81581,"accenture","Previous Year Questions","",30,50,"medium"
"general-res-algorithm_notes_for_professionals_257pgs","Algorithm notes for professionals 257pgs","/resources/general/algorithm_notes_for_professionals_257pgs_.pdf",2753940,"general","DSA","",60,100,"medium"
"general-res-all_imp_c_programs_94pgs_","All imp c programs 94pgs","/resources/general/all_imp_c_programs_94pgs_.pdf",291979,"general","DSA","",30,50,"medium"
"amcat-res-5_6172197097631121673","5_6172197097631121673","/resources/amcat/5_6172197097631121673.pdf",189713,"amcat","Previous Year Questions","",30,50,"medium"
"amcat-res-5_6172197097631121675","5_6172197097631121675","/resources/amcat/5_6172197097631121675.pdf",478038,"amcat","Previous Year Questions","",30,50,"medium"
"amcat-res-5_6172197097631121676","5_6172197097631121676","/resources/amcat/5_6172197097631121676.pdf",689792,"amcat","Previous Year Questions","",30,50,"medium"
"amcat-res-5_6172256917935620176","5_6172256917935620176","/resources/amcat/5_6172256917935620176.pdf",1271343,"amcat","Previous Year Questions","",60,100,"medium"
"amcat-res-5_6172256917935620177","5_6172256917935620177","/resources/amcat/5_6172256917935620177.pdf",568942,"amcat","Previous Year Questions","",30,50,"medium"
"amcat-res-amcat_prog","amcat prog","/resources/amcat/amcat_prog.pdf",520724,"amcat","Previous Year Questions","",30,50,"medium"
"amcat-res-amcat_288_logical_resoning","amcat 288 Logical Resoning","/resources/amcat/amcat_288_logical_resoning.pdf",378482,"amcat","Previous Year Questions","",30,50,"medium"
"amcat-res-amcat_300-_english_verbal","amcat 300 English Verbal","/resources/amcat/amcat_300-_english_verbal.pdf",299695,"amcat","Verbal Ability","",30,50,"medium"
"amcat-res-amcat_500-_quant","amcat 500 Quant","/resources/amcat/amcat_500-_quant.pdf",266873,"amcat","Aptitude","",30,50,"medium"
"amcat-res-amcat_aptitude-test-1","AMCAT Aptitude Test 1","/resources/amcat/amcat_aptitude-test-1.pdf",346565,"amcat","Aptitude","",30,50,"medium"
"amcat-res-automata_amcat","AUTOMATA AMCAT","/resources/amcat/automata_amcat.pdf",277427,"amcat","Previous Year Questions","",30,50,"medium"
"amcat-res-amcat_coding_questions","Amcat Coding Questions","/resources/amcat/amcat_coding_questions.pdf",689792,"amcat","DSA","",30,50,"medium"
"amcat-res-amcat_computer_programming","AMCAT Computer Programming","/resources/amcat/amcat_computer_programming.pdf",568942,"amcat","DSA","",30,50,"medium"
"amcat-res-amcat_computer_programming1","AMCAT Computer Programming1","/resources/amcat/amcat_computer_programming1.pdf",560202,"amcat","DSA","",30,50,"medium"
"amcat-res-amcat_eng_ques_paper_without_ans","Amcat eng ques paper without ans","/resources/amcat/amcat_eng_ques_paper_without_ans.pdf",2002847,"amcat","Previous Year Questions","",60,100,"medium"
"amcat-res-amcat_english_paper_without_ans","Amcat english paper without ans","/resources/amcat/amcat_english_paper_without_ans.pdf",2234180,"amcat","Verbal Ability","",60,100,"medium"
"amcat-res-amcat_english-placement-papers-2","AMCAT English Placement Papers 2","/resources/amcat/amcat_english-placement-papers-2.pdf",369048,"amcat","Verbal Ability","",30,50,"medium"
"amcat-res-amcat_english","AMCAT ENGLISH","/resources/amcat/amcat_english.pdf",1271343,"amcat","Verbal Ability","",60,100,"medium"
"amcat-res-amcat_logical","AMCAT Logical","/resources/amcat/amcat_logical.pdf",6017054,"amcat","Previous Year Questions","",120,100,"medium"
"amcat-res-5_6077880573588668788","5_6077880573588668788","/resources/amcat/5_6077880573588668788.pdf",1678884,"amcat","Previous Year Questions","",60,100,"medium"
"amcat-res-5_6077880573588668789","5_6077880573588668789","/resources/amcat/5_6077880573588668789.pdf",2899915,"amcat","Previous Year Questions","",60,100,"medium"
"amcat-res-amcat_previous_year","AMCAT Previous Year","/resources/amcat/amcat_previous_year.pdf",568942,"amcat","Previous Year Questions","",30,50,"medium"
"amcat-res-amcat_previous_years_english_","Amcat Previous Years english","/resources/amcat/amcat_previous_years_english_.pdf",859384,"amcat","Verbal Ability","",30,50,"medium"
"amcat-res-amcat_previous_years_reasoning_","Amcat Previous Years reasoning","/resources/amcat/amcat_previous_years_reasoning_.pdf",685811,"amcat","Aptitude","",30,50,"medium"
"amcat-res-amcat_quants_mygeekmonkey","AMCAT QUANTS MyGeekMonkey","/resources/amcat/amcat_quants_mygeekmonkey.pdf",478038,"amcat","Aptitude","",30,50,"medium"
"amcat-res-amcat_quants-gp","AMCAT QUANTS GP","/resources/amcat/amcat_quants-gp.pdf",653650,"amcat","Aptitude","",30,50,"medium"
"amcat-res-amcat_reasoning-test-placement-papers-1","AMCAT Reasoning Test Placement Papers 1","/resources/amcat/amcat_reasoning-test-placement-papers-1.pdf",377881,"amcat","Aptitude","",30,50,"medium"
"amcat-res-amcat_sample_questions_1_-1","AMCAT Sample Questions 1 1","/resources/amcat/amcat_sample_questions_1_-1.pdf",189713,"amcat","Previous Year Questions","",30,50,"medium"
"amcat-res-amcat-1","AMCAT 1","/resources/amcat/amcat-1.pdf",345590,"amcat","Previous Year Questions","",30,50,"medium"
"amcat-res-admit_card","ADMIT CARD","/resources/amcat/admit_card.pdf",312092,"amcat","Previous Year Questions","",30,50,"medium"
"amcat-res-attention_to_details","Attention to Details","/resources/amcat/attention_to_details.pdf",189300,"amcat","Previous Year Questions","",30,50,"medium"
"amcat-res-computer_programming","Computer Programming","/resources/amcat/computer_programming.pdf",256236,"amcat","DSA","",30,50,"medium"
"amcat-res-computer_science","computer science","/resources/amcat/computer_science.pdf",185877,"amcat","Previous Year Questions","",30,50,"medium"
"amcat-res-english","English","/resources/amcat/english.pdf",265754,"amcat","Verbal Ability","",30,50,"medium"
"amcat-res-human_resources","HUMAN RESOURCES","/resources/amcat/human_resources.pdf",187316,"amcat","Previous Year Questions","",30,50,"medium"
"amcat-res-human_resources_2","HUMAN RESOURCES 2","/resources/amcat/human_resources_2.pdf",187316,"amcat","Previous Year Questions","",30,50,"medium"
"amcat-res-logical","Logical","/resources/amcat/logical.pdf",224035,"amcat","Previous Year Questions","",30,50,"medium"
"amcat-res-marketing","MARKETING","/resources/amcat/marketing.pdf",144096,"amcat","Previous Year Questions","",30,50,"medium"
"amcat-res-personality","personality","/resources/amcat/personality.pdf",118939,"amcat","Previous Year Questions","",30,50,"medium"
"amcat-res-personality_2","personality 2","/resources/amcat/personality_2.pdf",118939,"amcat","Previous Year Questions","",30,50,"medium"
"amcat-res-quant","Quant","/resources/amcat/quant.pdf",270176,"amcat","Aptitude","",30,50,"medium"
"amcat-res-quant_2","Quant 2","/resources/amcat/quant_2.pdf",270176,"amcat","Aptitude","",30,50,"medium"
"amcat-res-amcat_score","amcat score","/resources/amcat/amcat_score.pdf",295160,"amcat","Core Subjects","",30,50,"medium"
"amcat-res-amcat-sample_papers","AMCAT Sample Papers","/resources/amcat/amcat-sample_papers.pdf",693641,"amcat","Previous Year Questions","",30,50,"medium"
"amcat-res-amcat_sample_paper","AMCAT Sample Paper","/resources/amcat/amcat_sample_paper.pdf",262385,"amcat","Previous Year Questions","",30,50,"medium"
"amcat-res-amcat_sample_paper_2","AMCAT Sample Paper 2","/resources/amcat/amcat_sample_paper_2.pdf",262385,"amcat","Previous Year Questions","",30,50,"medium"
"amcat-res-amcat.test_procedure","amcat.test procedure","/resources/amcat/amcat.test_procedure.docx",1100329,"amcat","Previous Year Questions","",60,100,"medium"
"amcat-res-amcat_test_syllabus","AMCAT Test Syllabus","/resources/amcat/amcat_test_syllabus.pdf",81826,"amcat","Previous Year Questions","",30,50,"medium"
"amcat-res-apuzz.com_wp-content_uploads_2013_12_amc","apuzz.com wp content uploads 2013 12 AMCAT Test Syllabus2","/resources/amcat/apuzz.com_wp-content_uploads_2013_12_amcat_test_syllabus2.pdf",81914,"amcat","Previous Year Questions","",30,50,"medium"
"amcat-res-maventic_latest_questions_asked_today_sh","MAVENTIC LATEST QUESTIONS ASKED TODAY shubham","/resources/amcat/maventic_latest_questions_asked_today_shubham_.docx",12201,"amcat","Previous Year Questions","",30,50,"medium"
"amcat-res-syllabus_amcat","Syllabus AMCAT","/resources/amcat/syllabus_amcat.pdf",56394,"amcat","Previous Year Questions","",30,50,"medium"
"amcat-res-300_antonyms_questions","300 ANTONYMS Questions","/resources/amcat/300_antonyms_questions.doc",97280,"amcat","Previous Year Questions","",30,50,"medium"
"amcat-res-51-jumbled-paragraph-parajumbles","51 Jumbled Paragraph Parajumbles","/resources/amcat/51-jumbled-paragraph-parajumbles.pdf",315300,"amcat","Previous Year Questions","",30,50,"medium"
"amcat-res-wordlist-mnemonics","Wordlist Mnemonics","/resources/amcat/wordlist-mnemonics.pdf",1407291,"amcat","Verbal Ability","",60,100,"medium"
"amcat-res-grammar_based_2001-2004_","Grammar Based 2001 2004","/resources/amcat/grammar_based_2001-2004_.pdf",1556627,"amcat","Verbal Ability","",60,100,"medium"
"amcat-res-grammar_with_laughter","Grammar with laughter","/resources/amcat/grammar_with_laughter.pdf",945216,"amcat","Verbal Ability","",30,50,"medium"
"amcat-res-grammar_book_2","GRAMMAR BOOK 2","/resources/amcat/grammar_book_2.pdf",985502,"amcat","Verbal Ability","",30,50,"medium"
"amcat-res-algebra_1999-2005_","Algebra 1999 2005","/resources/amcat/algebra_1999-2005_.pdf",3168576,"amcat","Previous Year Questions","",60,100,"medium"
"amcat-res-algebra_1999_-_2005_solutions","Algebra 1999 2005 solutions","/resources/amcat/algebra_1999_-_2005_solutions.pdf",382673,"amcat","Previous Year Questions","",30,50,"medium"
"amcat-res-arithmetic_2001-2005_solutions","Arithmetic 2001 2005 Solutions","/resources/amcat/arithmetic_2001-2005_solutions.pdf",1487061,"amcat","Previous Year Questions","",60,100,"medium"
"amcat-res-arithmetic-cat_2001-2005_-_questions","Arithmetic CAT 2001 2005 Questions","/resources/amcat/arithmetic-cat_2001-2005_-_questions.pdf",91859,"amcat","Previous Year Questions","",30,50,"medium"
"amcat-res-collection_of_algebraic_formulae","Collection Of Algebraic Formulae","/resources/amcat/collection_of_algebraic_formulae.pdf",46147,"amcat","Previous Year Questions","",30,50,"medium"
"amcat-res-complete_vedic_maths","Complete Vedic Maths","/resources/amcat/complete_vedic_maths.pdf",655053,"amcat","Aptitude","",30,50,"medium"
"amcat-res-fractions_1-10","FRACTIONS 1 10","/resources/amcat/fractions_1-10.pdf",119504,"amcat","Previous Year Questions","",30,50,"medium"
"amcat-res-fractions_11-20","FRACTIONS 11 20","/resources/amcat/fractions_11-20.pdf",102902,"amcat","Previous Year Questions","",30,50,"medium"
"amcat-res-modern_maths_1999-2005_","Modern Maths 1999 2005","/resources/amcat/modern_maths_1999-2005_.pdf",2462736,"amcat","Aptitude","",60,100,"medium"
"amcat-res-modern_maths_cat_1999-2005-explanation","Modern Maths CAT 1999 2005 Explanation","/resources/amcat/modern_maths_cat_1999-2005-explanation.pdf",157932,"amcat","Aptitude","",30,50,"medium"
"amcat-res-remainder_theorem","Remainder theorem","/resources/amcat/remainder_theorem.pdf",58517,"amcat","Previous Year Questions","",30,50,"medium"
"amcat-res-maths","maths","/resources/amcat/maths.pdf",1020918,"amcat","Aptitude","",60,100,"medium"
"amcat-res-geometry_mensuration_1999-2005_solutions","Geometry Mensuration 1999 2005 Solutions","/resources/amcat/geometry_mensuration_1999-2005_solutions.pdf",2981899,"amcat","Previous Year Questions","",60,100,"medium"
"amcat-res-geometry_mensuration_1999-2005_","Geometry Mensuration 1999 2005","/resources/amcat/geometry_mensuration_1999-2005_.pdf",4098273,"amcat","Previous Year Questions","",60,100,"medium"
"amcat-res-hkfmathfundas","HKFMathFundas","/resources/amcat/hkfmathfundas.pdf",2050763,"amcat","Aptitude","",60,100,"medium"
"amcat-res-maventic_guide","Maventic Guide","/resources/amcat/maventic_guide.pdf",95642,"amcat","Previous Year Questions","",30,50,"medium"
"amcat-res-paragraph_completion_questions_and_answe","PARAGRAPH COMPLETION QUESTIONS and Answers","/resources/amcat/paragraph_completion_questions_and_answers.pdf",341622,"amcat","Previous Year Questions","",30,50,"medium"
"amcat-res-paragraph_jumbles_40_questions_","Paragraph Jumbles 40 Questions","/resources/amcat/paragraph_jumbles_40_questions_.pdf",73591,"amcat","Previous Year Questions","",30,50,"medium"
"amcat-res-c_programs","c programs","/resources/amcat/c_programs.docx",50608,"amcat","DSA","",30,50,"medium"
"amcat-res-data_structure","Data Structure","/resources/amcat/data_structure.pdf",103036,"amcat","Previous Year Questions","",30,50,"medium"
"amcat-res-programming","programming","/resources/amcat/programming.pdf",781750,"amcat","DSA","",30,50,"medium"
"amcat-res-30-days-to-a-more-powerful-vocabulary","30 days to a more powerful vocabulary","/resources/amcat/30-days-to-a-more-powerful-vocabulary.pdf",10469898,"amcat","Previous Year Questions","",120,100,"medium"
"amcat-res-complete-rc-workbook","Complete RC Workbook","/resources/amcat/complete-rc-workbook.pdf",482671,"amcat","Previous Year Questions","",30,50,"medium"
"amcat-res-english1","English1","/resources/amcat/english1.pdf",1132171,"amcat","Verbal Ability","",60,100,"medium"
"amcat-res-reference_list_of_synonyms","Reference List of Synonyms","/resources/amcat/reference_list_of_synonyms.pdf",299046,"amcat","Previous Year Questions","",30,50,"medium"
"amcat-res-sentence_correction_questions","Sentence Correction Questions","/resources/amcat/sentence_correction_questions.doc",1220608,"amcat","Previous Year Questions","",60,100,"medium"
"amcat-res-va_prep_1","VA Prep 1","/resources/amcat/va_prep_1.pdf",381352,"amcat","Previous Year Questions","",30,50,"medium"
"amcat-res-va_prep_2","VA Prep 2","/resources/amcat/va_prep_2.pdf",431942,"amcat","Previous Year Questions","",30,50,"medium"
"amcat-res-vocabulary_2001-2004_","Vocabulary 2001 2004","/resources/amcat/vocabulary_2001-2004_.pdf",3652247,"amcat","Previous Year Questions","",60,100,"medium"
"amcat-res-amcat-combined-v2","amcat combined v2","/resources/amcat/amcat-combined-v2.pdf",7877973,"amcat","Previous Year Questions","",120,100,"medium"
"amcat-res-amcatcse-computerscience","AMCATCSE ComputerScience","/resources/amcat/amcatcse-computerscience.pdf",300519,"amcat","Previous Year Questions","",30,50,"medium"
"amcat-res-amcatenglish","AMCATENGLISH","/resources/amcat/amcatenglish.pdf",859384,"amcat","Verbal Ability","",30,50,"medium"
"amcat-res-amcatlogical","AMCATLogical","/resources/amcat/amcatlogical.pdf",685811,"amcat","Previous Year Questions","",30,50,"medium"
"amcat-res-gm_amcat_quants","GM AMCAT QUANTS","/resources/amcat/gm_amcat_quants.pdf",753464,"amcat","Aptitude","",30,50,"medium"
"amcat-res-amcatcse-computerscience_1_","AMCATCSE ComputerScience 1","/resources/amcat/amcatcse-computerscience_1_.pdf",300519,"amcat","Previous Year Questions","",30,50,"medium"
"amcat-res-amcatenglishpaper","AMCATEnglishPaper","/resources/amcat/amcatenglishpaper.pdf",357983,"amcat","Verbal Ability","",30,50,"medium"
"amcat-res-amcatlogical_1_","AMCATLogical 1","/resources/amcat/amcatlogical_1_.pdf",685811,"amcat","Previous Year Questions","",30,50,"medium"
"amcat-res-prepinsta_amcat_verbal_english","Prepinsta amcat verbal english","/resources/amcat/prepinsta_amcat_verbal_english.pdf",299540,"amcat","Verbal Ability","",30,50,"medium"
"general-res-aptitude_question_and_solutions_2","Aptitude question and solutions 2","/resources/general/aptitude_question_and_solutions_2.pdf",1254544,"general","Aptitude","",60,100,"medium"
"dsa-res-c_programming_data_structures_handwritte","C programming & Data structures Handwritten notes unp","/resources/dsa/c_programming_data_structures_handwritten_notes_unp.pdf",168935331,"dsa","DSA","",120,100,"medium"
"general-res-c_arrays_q_a_with_explana","C arrays q a with explana","/resources/general/c_arrays_q_a_with_explana.pdf",400495,"general","Previous Year Questions","",30,50,"medium"
"general-res-c_programs_input_outputs_questions_13pgs","C programs input outputs questions 13pgs","/resources/general/c_programs_input_outputs_questions_13pgs_.pdf",74314,"general","DSA","",30,50,"medium"
"capgemini-res-5_6188503387646984263","5_6188503387646984263","/resources/capgemini/5_6188503387646984263.pdf",491527,"capgemini","Previous Year Questions","",30,50,"medium"
"capgemini-res-5_6197245600304463928","5_6197245600304463928","/resources/capgemini/5_6197245600304463928.pdf",894584,"capgemini","Previous Year Questions","",30,50,"medium"
"capgemini-res-capegemini_","Capegemini","/resources/capgemini/capegemini_.docx",562242,"capgemini","Previous Year Questions","",30,50,"medium"
"capgemini-res-capgemini_2_papers_1_","capgemini 2 papers 1","/resources/capgemini/capgemini_2_papers_1_.pdf",894584,"capgemini","Previous Year Questions","",30,50,"medium"
"capgemini-res-capgemini_2_papers","capgemini 2 papers","/resources/capgemini/capgemini_2_papers.pdf",894584,"capgemini","Previous Year Questions","",30,50,"medium"
"capgemini-res-capgemini_-_campus_3_-_ii_-_capgemini_in","Capgemini Campus 3 ii Capgemini India","/resources/capgemini/capgemini_-_campus_3_-_ii_-_capgemini_india.htm",50480,"capgemini","Previous Year Questions","",30,50,"medium"
"capgemini-res-written_english_test_-_i_-_capgemini_ind","Written English Test i Capgemini Indiar","/resources/capgemini/written_english_test_-_i_-_capgemini_indiar.htm",15905,"capgemini","Verbal Ability","",30,50,"medium"
"capgemini-res-capgemini_papers_1_","capgemini papers 1","/resources/capgemini/capgemini_papers_1_.pdf",894584,"capgemini","Previous Year Questions","",30,50,"medium"
"capgemini-res-capgemini_papers_2_","capgemini papers 2","/resources/capgemini/capgemini_papers_2_.pdf",491527,"capgemini","Previous Year Questions","",30,50,"medium"
"capgemini-res-capgemini_placement_papers_pdf_download","Capgemini Placement Papers PDF Download","/resources/capgemini/capgemini_placement_papers_pdf_download.pdf",894584,"capgemini","Previous Year Questions","",30,50,"medium"
"capgemini-res-capgemini_placement_papers","Capgemini Placement Papers","/resources/capgemini/capgemini_placement_papers.pdf",894584,"capgemini","Previous Year Questions","",30,50,"medium"
"capgemini-res-capgemini_pseudo_codes","Capgemini pseudo codes","/resources/capgemini/capgemini_pseudo_codes.doc",235008,"capgemini","Core Subjects","",30,50,"medium"
"capgemini-res-capgemini_recruitment_drive_","Capgemini recruitment drive","/resources/capgemini/capgemini_recruitment_drive_.pdf",887988,"capgemini","Previous Year Questions","",30,50,"medium"
"capgemini-res-capgemini-aptitude-questions-and-answers","Capgemini Aptitude Questions and Answers","/resources/capgemini/capgemini-aptitude-questions-and-answers.pdf",112391,"capgemini","Aptitude","",30,50,"medium"
"capgemini-res-capgemini-logical-reasoning-questions-an","Capgemini Logical Reasoning Questions and Answers","/resources/capgemini/capgemini-logical-reasoning-questions-and-answers.pdf",87962,"capgemini","Aptitude","",30,50,"medium"
"capgemini-res-capgemini_17_18","Capgemini 17 18","/resources/capgemini/capgemini_17_18.pdf",510285,"capgemini","Previous Year Questions","",30,50,"medium"
"capgemini-res-5_6080003232325697674","5_6080003232325697674","/resources/capgemini/5_6080003232325697674.pdf",414102,"capgemini","Previous Year Questions","",30,50,"medium"
"capgemini-res-5_6080003232325697675","5_6080003232325697675","/resources/capgemini/5_6080003232325697675.pdf",253366,"capgemini","Previous Year Questions","",30,50,"medium"
"capgemini-res-5_6080132373402353907","5_6080132373402353907","/resources/capgemini/5_6080132373402353907.pdf",289840,"capgemini","Previous Year Questions","",30,50,"medium"
"capgemini-res-5_6080132373402353908","5_6080132373402353908","/resources/capgemini/5_6080132373402353908.pdf",523497,"capgemini","Previous Year Questions","",30,50,"medium"
"capgemini-res-5_6080132373402353909","5_6080132373402353909","/resources/capgemini/5_6080132373402353909.pdf",607573,"capgemini","Previous Year Questions","",30,50,"medium"
"capgemini-res-5_6080132373402353910","5_6080132373402353910","/resources/capgemini/5_6080132373402353910.pdf",276264,"capgemini","Previous Year Questions","",30,50,"medium"
"capgemini-res-5_6080132373402353911","5_6080132373402353911","/resources/capgemini/5_6080132373402353911.pdf",259851,"capgemini","Previous Year Questions","",30,50,"medium"
"capgemini-res-1","1","/resources/capgemini/1.html",49763,"capgemini","Previous Year Questions","",30,50,"medium"
"capgemini-res-10","10","/resources/capgemini/10.html",45837,"capgemini","Previous Year Questions","",30,50,"medium"
"capgemini-res-11","11","/resources/capgemini/11.html",15446,"capgemini","Previous Year Questions","",30,50,"medium"
"capgemini-res-12","12","/resources/capgemini/12.html",49578,"capgemini","Previous Year Questions","",30,50,"medium"
"capgemini-res-13","13","/resources/capgemini/13.html",45911,"capgemini","Previous Year Questions","",30,50,"medium"
"capgemini-res-14","14","/resources/capgemini/14.html",15455,"capgemini","Previous Year Questions","",30,50,"medium"
"capgemini-res-15","15","/resources/capgemini/15.html",49229,"capgemini","Previous Year Questions","",30,50,"medium"
"capgemini-res-16","16","/resources/capgemini/16.html",46895,"capgemini","Previous Year Questions","",30,50,"medium"
"capgemini-res-17","17","/resources/capgemini/17.html",15510,"capgemini","Previous Year Questions","",30,50,"medium"
"capgemini-res-2","2","/resources/capgemini/2.html",46322,"capgemini","Previous Year Questions","",30,50,"medium"
"capgemini-res-3","3","/resources/capgemini/3.html",15463,"capgemini","Previous Year Questions","",30,50,"medium"
"capgemini-res-4","4","/resources/capgemini/4.html",50116,"capgemini","Previous Year Questions","",30,50,"medium"
"capgemini-res-5","5","/resources/capgemini/5.html",45922,"capgemini","Previous Year Questions","",30,50,"medium"
"capgemini-res-6","6","/resources/capgemini/6.html",49474,"capgemini","Previous Year Questions","",30,50,"medium"
"capgemini-res-7","7","/resources/capgemini/7.html",45754,"capgemini","Previous Year Questions","",30,50,"medium"
"capgemini-res-8","8","/resources/capgemini/8.html",15414,"capgemini","Previous Year Questions","",30,50,"medium"
"capgemini-res-9","9","/resources/capgemini/9.html",49859,"capgemini","Previous Year Questions","",30,50,"medium"
"capgemini-res-pi_capgemini_computer_fundamentals","PI Capgemini Computer Fundamentals","/resources/capgemini/pi_capgemini_computer_fundamentals.pdf",491527,"capgemini","Previous Year Questions","",30,50,"medium"
"capgemini-res-prepinsta_capgemini_apti","Prepinsta CapGemini apti","/resources/capgemini/prepinsta_capgemini_apti.pdf",964612,"capgemini","Aptitude","",30,50,"medium"
"capgemini-res-prepinsta_capgemini_computer","Prepinsta Capgemini computer","/resources/capgemini/prepinsta_capgemini_computer.pdf",491527,"capgemini","Previous Year Questions","",30,50,"medium"
"capgemini-res-prepinsta_capgemini_logical_reasoning","Prepinsta CapGemini Logical Reasoning","/resources/capgemini/prepinsta_capgemini_logical_reasoning.pdf",5911882,"capgemini","Aptitude","",120,100,"medium"
"cocubes-res-5_6183688909696794694","5_6183688909696794694","/resources/cocubes/5_6183688909696794694.pdf",523218,"cocubes","Previous Year Questions","",30,50,"medium"
"cocubes-res-5_6183688909696794696","5_6183688909696794696","/resources/cocubes/5_6183688909696794696.pdf",433034,"cocubes","Previous Year Questions","",30,50,"medium"
"cocubes-res-5_6183688909696794697","5_6183688909696794697","/resources/cocubes/5_6183688909696794697.pdf",523218,"cocubes","Previous Year Questions","",30,50,"medium"
"cocubes-res-5_6183999788019613738","5_6183999788019613738","/resources/cocubes/5_6183999788019613738.pdf",523218,"cocubes","Previous Year Questions","",30,50,"medium"
"cocubes-res-5_6298615117776945221","5_6298615117776945221","/resources/cocubes/5_6298615117776945221.pdf",774760,"cocubes","Previous Year Questions","",30,50,"medium"
"cocubes-res-85716801-cocubes-exam-ques","85716801 CoCubes Exam Ques","/resources/cocubes/85716801-cocubes-exam-ques.pdf",35887,"cocubes","Previous Year Questions","",30,50,"medium"
"cocubes-res-co_cubes_quant","co cubes quant","/resources/cocubes/co_cubes_quant.pdf",523218,"cocubes","Aptitude","",30,50,"medium"
"cocubes-res-cocubes_english-1-1","Cocubes English 1 1","/resources/cocubes/cocubes_english-1-1.pdf",433034,"cocubes","Verbal Ability","",30,50,"medium"
"cocubes-res-cocubescomputerfundamentals-1","CocubesComputerFundamentals 1","/resources/cocubes/cocubescomputerfundamentals-1.pdf",238106,"cocubes","Previous Year Questions","",30,50,"medium"
"cocubes-res-cocubescomputerfundamentals-2","CocubesComputerFundamentals 2","/resources/cocubes/cocubescomputerfundamentals-2.pdf",238106,"cocubes","Previous Year Questions","",30,50,"medium"
"cocubes-res-cocubescomputerfundamentals","CocubesComputerFundamentals","/resources/cocubes/cocubescomputerfundamentals.pdf",238106,"cocubes","Previous Year Questions","",30,50,"medium"
"cocubes-res-cocubesenglish-1","CocubesEnglish 1","/resources/cocubes/cocubesenglish-1.pdf",404168,"cocubes","Verbal Ability","",30,50,"medium"
"cocubes-res-cocubesenglish","CocubesEnglish","/resources/cocubes/cocubesenglish.pdf",404168,"cocubes","Verbal Ability","",30,50,"medium"
"cocubes-res-cocubeslogical","CocubesLogical","/resources/cocubes/cocubeslogical.pdf",5619465,"cocubes","Previous Year Questions","",120,100,"medium"
"cocubes-res-cocubesquants_1_-1","CocubesQuants 1 1","/resources/cocubes/cocubesquants_1_-1.pdf",397818,"cocubes","Aptitude","",30,50,"medium"
"cocubes-res-cocubesquants_1_-2","CocubesQuants 1 2","/resources/cocubes/cocubesquants_1_-2.pdf",397818,"cocubes","Aptitude","",30,50,"medium"
"cocubes-res-cocubesquants_1_","CocubesQuants 1","/resources/cocubes/cocubesquants_1_.pdf",397818,"cocubes","Aptitude","",30,50,"medium"
"cocubes-res-cocubes_english_gp","Cocubes English GP","/resources/cocubes/cocubes_english_gp.pdf",500876,"cocubes","Verbal Ability","",30,50,"medium"
"cocubes-res-gm_cocubes_quants-1","GM Cocubes Quants 1","/resources/cocubes/gm_cocubes_quants-1.pdf",523218,"cocubes","Aptitude","",30,50,"medium"
"cocubes-res-gm_cocubes_quants-2","GM Cocubes Quants 2","/resources/cocubes/gm_cocubes_quants-2.pdf",523218,"cocubes","Aptitude","",30,50,"medium"
"cocubes-res-gm_cocubes_quants","GM Cocubes Quants","/resources/cocubes/gm_cocubes_quants.pdf",523218,"cocubes","Aptitude","",30,50,"medium"
"cocubes-res-gp_cocubes_quants","GP Cocubes Quants","/resources/cocubes/gp_cocubes_quants.pdf",528845,"cocubes","Aptitude","",30,50,"medium"
"cocubes-res-kupdf.net_cocubes-study-material_1_","kupdf.net cocubes study material 1","/resources/cocubes/kupdf.net_cocubes-study-material_1_.pdf",292149,"cocubes","Previous Year Questions","",30,50,"medium"
"cocubes-res-prepinsta_cocubes_material_pre_yrs_","Prepinsta cocubes material pre yrs","/resources/cocubes/prepinsta_cocubes_material_pre_yrs_.pdf",774760,"cocubes","Previous Year Questions","",30,50,"medium"
"general-res-code_by_k_v_s_n","CODE BY K V S N","/resources/general/code_by_k_v_s_n.pdf",1598714,"general","Previous Year Questions","",60,100,"medium"
"general-res-code_with_c_raspberrypi_92pg_","Code with c raspberrypi 92pg","/resources/general/code_with_c_raspberrypi_92pg_.pdf",5028451,"general","Previous Year Questions","",120,100,"medium"
"cognizant-res-cognizant_sample_paper_","Cognizant sample paper","/resources/cognizant/cognizant_sample_paper_.pdf",168969,"cognizant","Previous Year Questions","",30,50,"medium"
"cognizant-res-cognizant-aptitude-questions-and-answers","Cognizant Aptitude Questions and Answers","/resources/cognizant/cognizant-aptitude-questions-and-answers.pdf",112397,"cognizant","Aptitude","",30,50,"medium"
"cognizant-res-cognizant-autometa","Cognizant Autometa","/resources/cognizant/cognizant-autometa.pdf",812238,"cognizant","Previous Year Questions","",30,50,"medium"
"cognizant-res-cognizant-previous-year-paper","Cognizant Previous Year paper","/resources/cognizant/cognizant-previous-year-paper.pdf",168969,"cognizant","Previous Year Questions","",30,50,"medium"
"cognizant-res-cognizant-reasoning-questions-and-answer","Cognizant Reasoning Questions and Answers","/resources/cognizant/cognizant-reasoning-questions-and-answers.pdf",92788,"cognizant","Aptitude","",30,50,"medium"
"cognizant-res-cognizant-verbal-ability-questions-and-a","Cognizant Verbal Ability Questions and Answers","/resources/cognizant/cognizant-verbal-ability-questions-and-answers.pdf",117911,"cognizant","Verbal Ability","",30,50,"medium"
"cognizant-res-5_6080003232325697671","5_6080003232325697671","/resources/cognizant/5_6080003232325697671.pdf",282837,"cognizant","Previous Year Questions","",30,50,"medium"
"cognizant-res-5_6080003232325697672","5_6080003232325697672","/resources/cognizant/5_6080003232325697672.pdf",348510,"cognizant","Previous Year Questions","",30,50,"medium"
"cognizant-res-5_6080003232325697673","5_6080003232325697673","/resources/cognizant/5_6080003232325697673.pdf",434404,"cognizant","Previous Year Questions","",30,50,"medium"
"cognizant-res-5_6080003232325697676","5_6080003232325697676","/resources/cognizant/5_6080003232325697676.pdf",434404,"cognizant","Previous Year Questions","",30,50,"medium"
"cognizant-res-5_6080003232325697677","5_6080003232325697677","/resources/cognizant/5_6080003232325697677.pdf",5062468,"cognizant","Previous Year Questions","",120,100,"medium"
"cognizant-res-5_6080003232325697678","5_6080003232325697678","/resources/cognizant/5_6080003232325697678.pdf",288577,"cognizant","Previous Year Questions","",30,50,"medium"
"cognizant-res-5_6080003232325697679","5_6080003232325697679","/resources/cognizant/5_6080003232325697679.pdf",1003783,"cognizant","Previous Year Questions","",60,100,"medium"
"cognizant-res-5_6080132373402353889","5_6080132373402353889","/resources/cognizant/5_6080132373402353889.pdf",3263820,"cognizant","Previous Year Questions","",60,100,"medium"
"cognizant-res-5_6080132373402353890","5_6080132373402353890","/resources/cognizant/5_6080132373402353890.pdf",3360165,"cognizant","Previous Year Questions","",60,100,"medium"
"cognizant-res-5_6080132373402353891","5_6080132373402353891","/resources/cognizant/5_6080132373402353891.pdf",288623,"cognizant","Previous Year Questions","",30,50,"medium"
"cognizant-res-5_6080132373402353892","5_6080132373402353892","/resources/cognizant/5_6080132373402353892.pdf",353813,"cognizant","Previous Year Questions","",30,50,"medium"
"cognizant-res-5_6080132373402353893","5_6080132373402353893","/resources/cognizant/5_6080132373402353893.pdf",240397,"cognizant","Previous Year Questions","",30,50,"medium"
"cognizant-res-5_6080132373402353894","5_6080132373402353894","/resources/cognizant/5_6080132373402353894.pdf",466948,"cognizant","Previous Year Questions","",30,50,"medium"
"cognizant-res-5_6080132373402353895","5_6080132373402353895","/resources/cognizant/5_6080132373402353895.pdf",466468,"cognizant","Previous Year Questions","",30,50,"medium"
"cognizant-res-5_6080132373402353896","5_6080132373402353896","/resources/cognizant/5_6080132373402353896.pdf",358882,"cognizant","Previous Year Questions","",30,50,"medium"
"cognizant-res-5_6080132373402353897","5_6080132373402353897","/resources/cognizant/5_6080132373402353897.pdf",436489,"cognizant","Previous Year Questions","",30,50,"medium"
"cognizant-res-5_6080132373402353898","5_6080132373402353898","/resources/cognizant/5_6080132373402353898.pdf",282117,"cognizant","Previous Year Questions","",30,50,"medium"
"cognizant-res-5_6080132373402353899","5_6080132373402353899","/resources/cognizant/5_6080132373402353899.pdf",732369,"cognizant","Previous Year Questions","",30,50,"medium"
"cognizant-res-5_6080132373402353900","5_6080132373402353900","/resources/cognizant/5_6080132373402353900.pdf",302697,"cognizant","Previous Year Questions","",30,50,"medium"
"cognizant-res-5_6080132373402353901","5_6080132373402353901","/resources/cognizant/5_6080132373402353901.pdf",742595,"cognizant","Previous Year Questions","",30,50,"medium"
"cognizant-res-5_6080132373402353902","5_6080132373402353902","/resources/cognizant/5_6080132373402353902.pdf",291683,"cognizant","Previous Year Questions","",30,50,"medium"
"cognizant-res-5_6080132373402353903","5_6080132373402353903","/resources/cognizant/5_6080132373402353903.pdf",245622,"cognizant","Previous Year Questions","",30,50,"medium"
"cognizant-res-5_6080132373402353904","5_6080132373402353904","/resources/cognizant/5_6080132373402353904.pdf",323488,"cognizant","Previous Year Questions","",30,50,"medium"
"cognizant-res-5_6080132373402353905","5_6080132373402353905","/resources/cognizant/5_6080132373402353905.pdf",347254,"cognizant","Previous Year Questions","",30,50,"medium"
"cognizant-res-5_6080132373402353906","5_6080132373402353906","/resources/cognizant/5_6080132373402353906.pdf",5062468,"cognizant","Previous Year Questions","",120,100,"medium"
"cognizant-res-5_6080132373402353912","5_6080132373402353912","/resources/cognizant/5_6080132373402353912.pdf",400579,"cognizant","Previous Year Questions","",30,50,"medium"
"cognizant-res-5_6080132373402353913","5_6080132373402353913","/resources/cognizant/5_6080132373402353913.pdf",2808832,"cognizant","Previous Year Questions","",60,100,"medium"
"cognizant-res-cts_quest_papers","CTS quest papers","/resources/cognizant/cts_quest_papers.pdf",676113,"cognizant","Previous Year Questions","",30,50,"medium"
"cognizant-res-cts_sample_paper_q_a","CTS sample paper q a","/resources/cognizant/cts_sample_paper_q_a.pdf",168969,"cognizant","Previous Year Questions","",30,50,"medium"
"general-res-comprehensive_interview_material_online_","Comprehensive interview material online study4u 61pgs","/resources/general/comprehensive_interview_material_online_study4u_61pgs_.pdf",1278907,"general","Interview Prep","",60,100,"medium"
"general-res-copy_of_www.entrance-exam.net_-_www.entr","Copy of www.entrance exam.net www.entrance exam.net Grammar Practice for Elementary Students","/resources/general/copy_of_www.entrance-exam.net_-_www.entrance-exam.net_-grammar_practice_for_elementary_students.pdf",2026544,"general","Verbal Ability","",60,100,"medium"
"general-res-cracking_interview","cracking interview","/resources/general/cracking_interview.pdf",4050550,"general","Interview Prep","",60,100,"medium"
"general-res-cracking_the_coding_interview","Cracking the Coding Interview","/resources/general/cracking_the_coding_interview.pdf",4050550,"general","DSA","",60,100,"medium"
"general-res-dbms_interview_questions_","Dbms interview questions","/resources/general/dbms_interview_questions_.pdf",109826,"general","Interview Prep","",30,50,"medium"
"general-res-dbms_interview_questions_s","Dbms interview questions s","/resources/general/dbms_interview_questions_s.pdf",112062,"general","Interview Prep","",30,50,"medium"
"general-res-dbms_interview_questions_ss","Dbms interview questions ss","/resources/general/dbms_interview_questions_ss.pdf",185867,"general","Interview Prep","",30,50,"medium"
"dell-res-dell-aptitude-questions-and-answers","Dell Aptitude Questions and Answers","/resources/dell/dell-aptitude-questions-and-answers.pdf",93508,"dell","Aptitude","",30,50,"medium"
"dell-res-dell-logical-reasoning-questions-and-ans","Dell Logical Reasoning Questions and Answers","/resources/dell/dell-logical-reasoning-questions-and-answers.pdf",98601,"dell","Aptitude","",30,50,"medium"
"dell-res-dell-verbal-ability-questions-and-answer","Dell Verbal Ability Questions and Answers","/resources/dell/dell-verbal-ability-questions-and-answers.pdf",80971,"dell","Verbal Ability","",30,50,"medium"
"deloitte-res-delloite","Delloite","/resources/deloitte/delloite.docx",27569,"deloitte","Previous Year Questions","",30,50,"medium"
"deloitte-res-jam","JAM","/resources/deloitte/jam.docx",35101,"deloitte","Previous Year Questions","",30,50,"medium"
"general-res-dsa_handwritten_guide_beginner_to_advanc","DSA Handwritten guide Beginner to Advanced","/resources/general/dsa_handwritten_guide_beginner_to_advanced_.pdf",17709514,"general","DSA","",120,100,"medium"
"general-res-durgasoft_crt_aptitude","Durgasoft CRT Aptitude","/resources/general/durgasoft_crt_aptitude.pdf",1097995,"general","Aptitude","",60,100,"medium"
"general-res-durgasoft_python_book_","Durgasoft python book","/resources/general/durgasoft_python_book_.pdf",8220166,"general","DSA","",120,100,"medium"
"general-res-ehthical_hacking_book_tutorials_point","Ehthical hacking book tutorials point","/resources/general/ehthical_hacking_book_tutorials_point.pdf",2879778,"general","Previous Year Questions","",60,100,"medium"
"elitmus-res-1._elitmus_completely_solved_set","1. Elitmus Completely Solved Set","/resources/elitmus/1._elitmus_completely_solved_set.pdf",1254544,"elitmus","Previous Year Questions","",60,100,"medium"
"elitmus-res-elitmus-aptitude","eLitmus Aptitude","/resources/elitmus/elitmus-aptitude.pdf",175343,"elitmus","Aptitude","",30,50,"medium"
"elitmus-res-elitmus-logical-reasoning","eLitmus Logical Reasoning","/resources/elitmus/elitmus-logical-reasoning.pdf",120900,"elitmus","Aptitude","",30,50,"medium"
"elitmus-res-elitmus-verbal-ability","eLitmus Verbal Ability","/resources/elitmus/elitmus-verbal-ability.pdf",116982,"elitmus","Verbal Ability","",30,50,"medium"
"epam-res-5_6141199734540337186","5_6141199734540337186","/resources/epam/5_6141199734540337186.pdf",114889,"epam","Previous Year Questions","",30,50,"medium"
"epam-res-epam_round_1_question_paper","epam round 1 question paper","/resources/epam/epam_round_1_question_paper.pdf",8660081,"epam","Previous Year Questions","",120,100,"medium"
"general-res-face_aptitude_primer_","FACE Aptitude primer","/resources/general/face_aptitude_primer_.pdf",476651,"general","Aptitude","",30,50,"medium"
"general-res-geometry_and_equations_final","Geometry and Equations Final","/resources/general/geometry_and_equations_final.pdf",909613,"general","Previous Year Questions","",30,50,"medium"
"general-res-good_interview_c_program_and_notes","GOOD Interview c program and notes","/resources/general/good_interview_c_program_and_notes.pdf",1598714,"general","DSA","",60,100,"medium"
"hcl-res-5_6057390366951211205","5_6057390366951211205","/resources/hcl/5_6057390366951211205.pdf",239648,"hcl","Previous Year Questions","",30,50,"medium"
"hcl-res-5_6057736970811998411","5_6057736970811998411","/resources/hcl/5_6057736970811998411.pdf",72349,"hcl","Previous Year Questions","",30,50,"medium"
"hcl-res-5_6057736970811998412","5_6057736970811998412","/resources/hcl/5_6057736970811998412.pdf",68082,"hcl","Previous Year Questions","",30,50,"medium"
"hcl-res-5_6057736970811998413","5_6057736970811998413","/resources/hcl/5_6057736970811998413.docx",15382,"hcl","Previous Year Questions","",30,50,"medium"
"hcl-res-5_6057736970811998414","5_6057736970811998414","/resources/hcl/5_6057736970811998414.pdf",58583,"hcl","Previous Year Questions","",30,50,"medium"
"hcl-res-5_6057882561613398310","5_6057882561613398310","/resources/hcl/5_6057882561613398310.pdf",67086,"hcl","Previous Year Questions","",30,50,"medium"
"hcl-res-5_6057882561613398311","5_6057882561613398311","/resources/hcl/5_6057882561613398311.pdf",91169,"hcl","Previous Year Questions","",30,50,"medium"
"hcl-res-5_6057882561613398312","5_6057882561613398312","/resources/hcl/5_6057882561613398312.pdf",89243,"hcl","Previous Year Questions","",30,50,"medium"
"hcl-res-5_6057882561613398313","5_6057882561613398313","/resources/hcl/5_6057882561613398313.pdf",58583,"hcl","Previous Year Questions","",30,50,"medium"
"hcl-res-5_6057882561613398314","5_6057882561613398314","/resources/hcl/5_6057882561613398314.pdf",58406,"hcl","Previous Year Questions","",30,50,"medium"
"hcl-res-5_6057882561613398315","5_6057882561613398315","/resources/hcl/5_6057882561613398315.pdf",61819,"hcl","Previous Year Questions","",30,50,"medium"
"hcl-res-5_6057882561613398316","5_6057882561613398316","/resources/hcl/5_6057882561613398316.pdf",68082,"hcl","Previous Year Questions","",30,50,"medium"
"hcl-res-5_6057882561613398317","5_6057882561613398317","/resources/hcl/5_6057882561613398317.pdf",67086,"hcl","Previous Year Questions","",30,50,"medium"
"hcl-res-5_6057882561613398318","5_6057882561613398318","/resources/hcl/5_6057882561613398318.pdf",91169,"hcl","Previous Year Questions","",30,50,"medium"
"hcl-res-5_6057882561613398319","5_6057882561613398319","/resources/hcl/5_6057882561613398319.pdf",58406,"hcl","Previous Year Questions","",30,50,"medium"
"hcl-res-5_6057882561613398320","5_6057882561613398320","/resources/hcl/5_6057882561613398320.pdf",58406,"hcl","Previous Year Questions","",30,50,"medium"
"hcl-res-5_6057882561613398321","5_6057882561613398321","/resources/hcl/5_6057882561613398321.pdf",72349,"hcl","Previous Year Questions","",30,50,"medium"
"hcl-res-5_6057882561613398322","5_6057882561613398322","/resources/hcl/5_6057882561613398322.pdf",72349,"hcl","Previous Year Questions","",30,50,"medium"
"hcl-res-5_6057882561613398323","5_6057882561613398323","/resources/hcl/5_6057882561613398323.pdf",81365,"hcl","Previous Year Questions","",30,50,"medium"
"hcl-res-5_6059688037015617675","5_6059688037015617675","/resources/hcl/5_6059688037015617675.pdf",81365,"hcl","Previous Year Questions","",30,50,"medium"
"hcl-res-5_6059688037015617676","5_6059688037015617676","/resources/hcl/5_6059688037015617676.pdf",74159,"hcl","Previous Year Questions","",30,50,"medium"
"hcl-res-5_6059688037015617677","5_6059688037015617677","/resources/hcl/5_6059688037015617677.pdf",61819,"hcl","Previous Year Questions","",30,50,"medium"
"hcl-res-5_6059688037015617678","5_6059688037015617678","/resources/hcl/5_6059688037015617678.pdf",58406,"hcl","Previous Year Questions","",30,50,"medium"
"hcl-res-5_6059688037015617679","5_6059688037015617679","/resources/hcl/5_6059688037015617679.pdf",72349,"hcl","Previous Year Questions","",30,50,"medium"
"hcl-res-hcl_aptitude_test_3","Hcl aptitude test 3","/resources/hcl/hcl_aptitude_test_3.pdf",89243,"hcl","Aptitude","",30,50,"medium"
"hcl-res-hcl_aptitude_test","Hcl aptitude test","/resources/hcl/hcl_aptitude_test.pdf",91169,"hcl","Aptitude","",30,50,"medium"
"hcl-res-hcl_placement_papers_1_","Hcl placement papers 1","/resources/hcl/hcl_placement_papers_1_.pdf",239648,"hcl","Previous Year Questions","",30,50,"medium"
"hcl-res-hcl_placement_papers_","Hcl placement papers","/resources/hcl/hcl_placement_papers_.pdf",239648,"hcl","Previous Year Questions","",30,50,"medium"
"hcl-res-5_6080003232325697680","5_6080003232325697680","/resources/hcl/5_6080003232325697680.pdf",188510,"hcl","Previous Year Questions","",30,50,"medium"
"hcl-res-5_6080003232325697681","5_6080003232325697681","/resources/hcl/5_6080003232325697681.pdf",226871,"hcl","Previous Year Questions","",30,50,"medium"
"hcl-res-5_6080003232325697682","5_6080003232325697682","/resources/hcl/5_6080003232325697682.pdf",228783,"hcl","Previous Year Questions","",30,50,"medium"
"hcl-res-5_6080132373402353914","5_6080132373402353914","/resources/hcl/5_6080132373402353914.pdf",234110,"hcl","Previous Year Questions","",30,50,"medium"
"hcl-res-5_6080132373402353915","5_6080132373402353915","/resources/hcl/5_6080132373402353915.pdf",230665,"hcl","Previous Year Questions","",30,50,"medium"
"hcl-res-5_6080132373402353916","5_6080132373402353916","/resources/hcl/5_6080132373402353916.pdf",220518,"hcl","Previous Year Questions","",30,50,"medium"
"hcl-res-5_6080132373402353917","5_6080132373402353917","/resources/hcl/5_6080132373402353917.pdf",193149,"hcl","Previous Year Questions","",30,50,"medium"
"hcl-res-5_6080132373402353918","5_6080132373402353918","/resources/hcl/5_6080132373402353918.pdf",489611,"hcl","Previous Year Questions","",30,50,"medium"
"hcl-res-5_6080132373402353919","5_6080132373402353919","/resources/hcl/5_6080132373402353919.pdf",353363,"hcl","Previous Year Questions","",30,50,"medium"
"hcl-res-5_6080132373402353920","5_6080132373402353920","/resources/hcl/5_6080132373402353920.pdf",182813,"hcl","Previous Year Questions","",30,50,"medium"
"hcl-res-5_6080132373402353921","5_6080132373402353921","/resources/hcl/5_6080132373402353921.pdf",217028,"hcl","Previous Year Questions","",30,50,"medium"
"hcl-res-5_6080132373402353922","5_6080132373402353922","/resources/hcl/5_6080132373402353922.pdf",250006,"hcl","Previous Year Questions","",30,50,"medium"
"hcl-res-5_6080132373402353923","5_6080132373402353923","/resources/hcl/5_6080132373402353923.pdf",256948,"hcl","Previous Year Questions","",30,50,"medium"
"hcl-res-5_6080132373402353924","5_6080132373402353924","/resources/hcl/5_6080132373402353924.pdf",484088,"hcl","Previous Year Questions","",30,50,"medium"
"hcl-res-5_6080132373402353925","5_6080132373402353925","/resources/hcl/5_6080132373402353925.pdf",295767,"hcl","Previous Year Questions","",30,50,"medium"
"hcl-res-hcl_sample_paper_1_","Hcl sample paper 1","/resources/hcl/hcl_sample_paper_1_.pdf",81365,"hcl","Previous Year Questions","",30,50,"medium"
"hcl-res-hcl_sample_paper_","Hcl sample paper","/resources/hcl/hcl_sample_paper_.pdf",81365,"hcl","Previous Year Questions","",30,50,"medium"
"hcl-res-hcl_technical_test_2","Hcl technical test 2","/resources/hcl/hcl_technical_test_2.pdf",74159,"hcl","Core Subjects","",30,50,"medium"
"hcl-res-hcl_technical_test_3","Hcl technical test 3","/resources/hcl/hcl_technical_test_3.pdf",68082,"hcl","Core Subjects","",30,50,"medium"
"hcl-res-hcl_technical_test_4","Hcl technical test 4","/resources/hcl/hcl_technical_test_4.pdf",61819,"hcl","Core Subjects","",30,50,"medium"
"hcl-res-hcl_technical_test","Hcl technical test","/resources/hcl/hcl_technical_test.pdf",58583,"hcl","Core Subjects","",30,50,"medium"
"hcl-res-hcl_technologies_pape","Hcl technologies pape","/resources/hcl/hcl_technologies_pape.pdf",67086,"hcl","Previous Year Questions","",30,50,"medium"
"hcl-res-hcl_technologies_paper_2","Hcl technologies paper 2","/resources/hcl/hcl_technologies_paper_2.pdf",58406,"hcl","Previous Year Questions","",30,50,"medium"
"hcl-res-hcl_technologies_paper","Hcl technologies paper","/resources/hcl/hcl_technologies_paper.pdf",58406,"hcl","Previous Year Questions","",30,50,"medium"
"hcl-res-hcl_technologies_paperr","Hcl technologies paperr","/resources/hcl/hcl_technologies_paperr.pdf",67086,"hcl","Previous Year Questions","",30,50,"medium"
"hcl-res-hcl_technology_test_3","Hcl technology test 3","/resources/hcl/hcl_technology_test_3.pdf",68082,"hcl","Previous Year Questions","",30,50,"medium"
"hexaware-res-hexaware","Hexaware","/resources/hexaware/hexaware.docx",25035,"hexaware","Previous Year Questions","",30,50,"medium"
"general-res-hr_interview_handwritten_notes","HR interview handwritten notes","/resources/general/hr_interview_handwritten_notes.pdf",7076551,"general","Interview Prep","",120,100,"medium"
"huawei-tech-res-huawei_tech","HUAWEI TECH","/resources/huawei-tech/huawei_tech.doc",19968,"huawei-tech","Previous Year Questions","",30,50,"medium"
"huawei-tech-res-huaweii","HUAWEII","/resources/huawei-tech/huaweii.docx",19922,"huawei-tech","Previous Year Questions","",30,50,"medium"
"ibm-res-2395-ibm-placement-chennai-09th-oct-2010","2395 ibm placement chennai 09th oct 2010","/resources/ibm/2395-ibm-placement-chennai-09th-oct-2010.doc",31744,"ibm","Previous Year Questions","",30,50,"medium"
"ibm-res-emailing_5_6194916907691278591","Emailing 5 6194916907691278591","/resources/ibm/emailing_5_6194916907691278591.pdf",250936,"ibm","Previous Year Questions","",30,50,"medium"
"ibm-res-ibm_english_assessment_test","IBM english assessment test","/resources/ibm/ibm_english_assessment_test.txt",2705,"ibm","Verbal Ability","",30,50,"medium"
"ibm-res-ibm_english_assssment","IBM English Assssment","/resources/ibm/ibm_english_assssment.pdf",10052,"ibm","Verbal Ability","",30,50,"medium"
"ibm-res-ibm_number_series_from_m4maths","ibm number series from m4maths","/resources/ibm/ibm_number_series_from_m4maths.pdf",24215,"ibm","Aptitude","",30,50,"medium"
"ibm-res-ibm_papers_and_pattern","IBM papers and Pattern","/resources/ibm/ibm_papers_and_pattern.docx",15612,"ibm","Previous Year Questions","",30,50,"medium"
"ibm-res-5_6080003232325697683","5_6080003232325697683","/resources/ibm/5_6080003232325697683.pdf",641664,"ibm","Previous Year Questions","",30,50,"medium"
"ibm-res-5_6080003232325697684","5_6080003232325697684","/resources/ibm/5_6080003232325697684.pdf",239599,"ibm","Previous Year Questions","",30,50,"medium"
"ibm-res-5_6080003232325697685","5_6080003232325697685","/resources/ibm/5_6080003232325697685.pdf",215533,"ibm","Previous Year Questions","",30,50,"medium"
"ibm-res-5_6080003232325697686","5_6080003232325697686","/resources/ibm/5_6080003232325697686.pdf",217258,"ibm","Previous Year Questions","",30,50,"medium"
"ibm-res-5_6080003232325697687","5_6080003232325697687","/resources/ibm/5_6080003232325697687.pdf",290472,"ibm","Previous Year Questions","",30,50,"medium"
"ibm-res-5_6080003232325697688","5_6080003232325697688","/resources/ibm/5_6080003232325697688.pdf",729357,"ibm","Previous Year Questions","",30,50,"medium"
"ibm-res-5_6080003232325697689","5_6080003232325697689","/resources/ibm/5_6080003232325697689.pdf",223902,"ibm","Previous Year Questions","",30,50,"medium"
"ibm-res-5_6080003232325697690","5_6080003232325697690","/resources/ibm/5_6080003232325697690.pdf",242186,"ibm","Previous Year Questions","",30,50,"medium"
"ibm-res-5_6080003232325697691","5_6080003232325697691","/resources/ibm/5_6080003232325697691.pdf",452996,"ibm","Previous Year Questions","",30,50,"medium"
"ibm-res-5_6080003232325697692","5_6080003232325697692","/resources/ibm/5_6080003232325697692.pdf",203379,"ibm","Previous Year Questions","",30,50,"medium"
"ibm-res-5_6080132373402353926","5_6080132373402353926","/resources/ibm/5_6080132373402353926.pdf",639451,"ibm","Previous Year Questions","",30,50,"medium"
"ibm-res-5_6080132373402353927","5_6080132373402353927","/resources/ibm/5_6080132373402353927.pdf",297762,"ibm","Previous Year Questions","",30,50,"medium"
"ibm-res-5_6080132373402353928","5_6080132373402353928","/resources/ibm/5_6080132373402353928.pdf",308914,"ibm","Previous Year Questions","",30,50,"medium"
"ibm-res-5_6080132373402353929","5_6080132373402353929","/resources/ibm/5_6080132373402353929.pdf",314515,"ibm","Previous Year Questions","",30,50,"medium"
"ibm-res-5_6080132373402353930","5_6080132373402353930","/resources/ibm/5_6080132373402353930.pdf",204794,"ibm","Previous Year Questions","",30,50,"medium"
"ibm-res-5_6080132373402353931","5_6080132373402353931","/resources/ibm/5_6080132373402353931.pdf",204771,"ibm","Previous Year Questions","",30,50,"medium"
"ibm-res-5_6080132373402353932","5_6080132373402353932","/resources/ibm/5_6080132373402353932.pdf",233843,"ibm","Previous Year Questions","",30,50,"medium"
"ibm-res-5_6080132373402353933","5_6080132373402353933","/resources/ibm/5_6080132373402353933.pdf",233843,"ibm","Previous Year Questions","",30,50,"medium"
"ibm-res-5_6080132373402353934","5_6080132373402353934","/resources/ibm/5_6080132373402353934.pdf",189475,"ibm","Previous Year Questions","",30,50,"medium"
"ibm-res-5_6080132373402353935","5_6080132373402353935","/resources/ibm/5_6080132373402353935.pdf",217332,"ibm","Previous Year Questions","",30,50,"medium"
"ibm-res-5_6080132373402353936","5_6080132373402353936","/resources/ibm/5_6080132373402353936.pdf",278177,"ibm","Previous Year Questions","",30,50,"medium"
"ibm-res-5_6080132373402353937","5_6080132373402353937","/resources/ibm/5_6080132373402353937.pdf",572437,"ibm","Previous Year Questions","",30,50,"medium"
"ibm-res-5_6080132373402353938","5_6080132373402353938","/resources/ibm/5_6080132373402353938.pdf",301697,"ibm","Previous Year Questions","",30,50,"medium"
"ibm-res-5_6080132373402353939","5_6080132373402353939","/resources/ibm/5_6080132373402353939.pdf",703407,"ibm","Previous Year Questions","",30,50,"medium"
"ibm-res-5_6080132373402353940","5_6080132373402353940","/resources/ibm/5_6080132373402353940.pdf",649582,"ibm","Previous Year Questions","",30,50,"medium"
"ibm-res-5_6080132373402353941","5_6080132373402353941","/resources/ibm/5_6080132373402353941.pdf",724200,"ibm","Previous Year Questions","",30,50,"medium"
"ibm-res-5_6080132373402353942","5_6080132373402353942","/resources/ibm/5_6080132373402353942.pdf",840832,"ibm","Previous Year Questions","",30,50,"medium"
"ibm-res-5_6080132373402353943","5_6080132373402353943","/resources/ibm/5_6080132373402353943.pdf",199355,"ibm","Previous Year Questions","",30,50,"medium"
"ibm-res-5_6080132373402353944","5_6080132373402353944","/resources/ibm/5_6080132373402353944.pdf",266902,"ibm","Previous Year Questions","",30,50,"medium"
"ibm-res-5_6080132373402353945","5_6080132373402353945","/resources/ibm/5_6080132373402353945.pdf",411530,"ibm","Previous Year Questions","",30,50,"medium"
"ibm-res-5_6080132373402353946","5_6080132373402353946","/resources/ibm/5_6080132373402353946.pdf",216505,"ibm","Previous Year Questions","",30,50,"medium"
"ibm-res-5_6080132373402353947","5_6080132373402353947","/resources/ibm/5_6080132373402353947.pdf",232968,"ibm","Previous Year Questions","",30,50,"medium"
"ibm-res-5_6080132373402353948","5_6080132373402353948","/resources/ibm/5_6080132373402353948.pdf",313054,"ibm","Previous Year Questions","",30,50,"medium"
"ibm-res-5_6080132373402353949","5_6080132373402353949","/resources/ibm/5_6080132373402353949.pdf",245119,"ibm","Previous Year Questions","",30,50,"medium"
"ibm-res-5_6080132373402353950","5_6080132373402353950","/resources/ibm/5_6080132373402353950.pdf",222317,"ibm","Previous Year Questions","",30,50,"medium"
"ibm-res-5_6080132373402353951","5_6080132373402353951","/resources/ibm/5_6080132373402353951.pdf",247601,"ibm","Previous Year Questions","",30,50,"medium"
"ibm-res-5_6080132373402353952","5_6080132373402353952","/resources/ibm/5_6080132373402353952.pdf",223451,"ibm","Previous Year Questions","",30,50,"medium"
"ibm-res-5_6080132373402353953","5_6080132373402353953","/resources/ibm/5_6080132373402353953.pdf",196750,"ibm","Previous Year Questions","",30,50,"medium"
"ibm-res-5_6080132373402353954","5_6080132373402353954","/resources/ibm/5_6080132373402353954.pdf",242199,"ibm","Previous Year Questions","",30,50,"medium"
"ibm-res-5_6080132373402353955","5_6080132373402353955","/resources/ibm/5_6080132373402353955.pdf",255629,"ibm","Previous Year Questions","",30,50,"medium"
"ibm-res-5_6080132373402353956","5_6080132373402353956","/resources/ibm/5_6080132373402353956.pdf",553130,"ibm","Previous Year Questions","",30,50,"medium"
"ibm-res-5_6080132373402353957","5_6080132373402353957","/resources/ibm/5_6080132373402353957.pdf",314507,"ibm","Previous Year Questions","",30,50,"medium"
"ibm-res-5_6080132373402353958","5_6080132373402353958","/resources/ibm/5_6080132373402353958.pdf",290651,"ibm","Previous Year Questions","",30,50,"medium"
"ibm-res-5_6080132373402353959","5_6080132373402353959","/resources/ibm/5_6080132373402353959.pdf",173538,"ibm","Previous Year Questions","",30,50,"medium"
"ibm-res-ibm_programs","ibm programs","/resources/ibm/ibm_programs.pdf",250936,"ibm","DSA","",30,50,"medium"
"ibm-res-ibm_puzzle_solution","ibm puzzle solution","/resources/ibm/ibm_puzzle_solution.docx",11068,"ibm","Previous Year Questions","",30,50,"medium"
"ibm-res-ibm_series","ibm series","/resources/ibm/ibm_series.txt",18625,"ibm","Aptitude","",30,50,"medium"
"ibm-res-ibm_shared_by_placed_guy","IBM shared by placed guy","/resources/ibm/ibm_shared_by_placed_guy.txt",3887,"ibm","Previous Year Questions","",30,50,"medium"
"ibm-res-ibm_written_test_1_","IBM written test 1","/resources/ibm/ibm_written_test_1_.pdf",22564,"ibm","Previous Year Questions","",30,50,"medium"
"ibm-res-ibm_written_test","ibm written test","/resources/ibm/ibm_written_test.pdf",25406,"ibm","Previous Year Questions","",30,50,"medium"
"ibm-res-ibm_1_","IBM 1","/resources/ibm/ibm_1_.docx",24357,"ibm","Previous Year Questions","",30,50,"medium"
"ibm-res-ibm-number-series-questions-and-solution","IBM Number Series Questions and Solutions","/resources/ibm/ibm-number-series-questions-and-solutions.pdf",82516,"ibm","Aptitude","",30,50,"medium"
"ibm-res-ibm-written-test","IBM written test","/resources/ibm/ibm-written-test.pdf",25406,"ibm","Previous Year Questions","",30,50,"medium"
"ibm-res-ibm","ibm","/resources/ibm/ibm.docx",14480,"ibm","Previous Year Questions","",30,50,"medium"
"ibm-res-ibm_papers","IBM papers","/resources/ibm/ibm_papers.pdf",535180,"ibm","Previous Year Questions","",30,50,"medium"
"general-res-imp_coding_questions_with_solutions_","Imp coding questions with solutions","/resources/general/imp_coding_questions_with_solutions_.pdf",446514,"general","DSA","",30,50,"medium"
"infosys-res-5_6141092154199507003","5_6141092154199507003","/resources/infosys/5_6141092154199507003.pdf",890397,"infosys","Previous Year Questions","",30,50,"medium"
"infosys-res-5_6141092154199507004","5_6141092154199507004","/resources/infosys/5_6141092154199507004.pdf",339996,"infosys","Previous Year Questions","",30,50,"medium"
"infosys-res-5_6141199734540337183","5_6141199734540337183","/resources/infosys/5_6141199734540337183.pdf",342980,"infosys","Previous Year Questions","",30,50,"medium"
"infosys-res-5_6141199734540337192","5_6141199734540337192","/resources/infosys/5_6141199734540337192.pdf",791634,"infosys","Previous Year Questions","",30,50,"medium"
"infosys-res-5_6183919695469477981","5_6183919695469477981","/resources/infosys/5_6183919695469477981.pdf",620849,"infosys","Previous Year Questions","",30,50,"medium"
"infosys-res-5_6201790272704086054","5_6201790272704086054","/resources/infosys/5_6201790272704086054.pdf",648545,"infosys","Previous Year Questions","",30,50,"medium"
"infosys-res-call_their_office","call+their=office","/resources/infosys/call_their_office.docx",12035,"infosys","Previous Year Questions","",30,50,"medium"
"infosys-res-copy_of_infy_verbal","Copy of Infy verbal","/resources/infosys/copy_of_infy_verbal.docx",24440,"infosys","Verbal Ability","",30,50,"medium"
"infosys-res-copy_of_logical_cryptarithmetic_i","Copy of Logical Cryptarithmetic I","/resources/infosys/copy_of_logical_cryptarithmetic_i.docx",48415,"infosys","Previous Year Questions","",30,50,"medium"
"infosys-res-copy_of_test6","Copy of TEST6","/resources/infosys/copy_of_test6.htm",6260,"infosys","Previous Year Questions","",30,50,"medium"
"infosys-res-iitk_infy_paper_students3k.com_","IITK INFY PAPER [Students3k.com]","/resources/infosys/iitk_infy_paper_students3k.com_.pdf",233024,"infosys","Previous Year Questions","",30,50,"medium"
"infosys-res-infi_crack","infi crack","/resources/infosys/infi_crack.txt",2460,"infosys","Previous Year Questions","",30,50,"medium"
"infosys-res-info_ppr4","Info ppr4","/resources/infosys/info_ppr4.pdf",114889,"infosys","Previous Year Questions","",30,50,"medium"
"infosys-res-infosy_letest_pattern","INFOSY LETEST PATTERN","/resources/infosys/infosy_letest_pattern.docx",14375,"infosys","Previous Year Questions","",30,50,"medium"
"infosys-res-infosya_paid_4","Infosya paid 4","/resources/infosys/infosya_paid_4.pdf",620849,"infosys","Previous Year Questions","",30,50,"medium"
"infosys-res-infosys_-aptitude-model_papers_147317792","INFOSYS APTITUDE MODEL PAPERS 1473177928759","/resources/infosys/infosys_-aptitude-model_papers_1473177928759.pdf",351028,"infosys","Aptitude","",30,50,"medium"
"infosys-res-infosys_interview_experience_2014_off_ca","Infosys interview experience 2014 Off campus placements 1","/resources/infosys/infosys_interview_experience_2014_off_campus_placements_1_.pdf",415662,"infosys","Interview Prep","",30,50,"medium"
"infosys-res-infosys_materials","Infosys Materials","/resources/infosys/infosys_materials.docx",656030,"infosys","Previous Year Questions","",30,50,"medium"
"infosys-res-infosys_paid_material_pro_3","Infosys Paid Material Pro 3","/resources/infosys/infosys_paid_material_pro_3.pdf",648545,"infosys","Previous Year Questions","",30,50,"medium"
"infosys-res-infosys_placement_papers_2014_with_solut","Infosys Placement Papers 2014 With Solutions Answers","/resources/infosys/infosys_placement_papers_2014_with_solutions_answers_.pdf",56237,"infosys","Previous Year Questions","",30,50,"medium"
"infosys-res-infosys_sample_paper_for_campus_placemen","Infosys sample paper for campus placement and recruitment","/resources/infosys/infosys_sample_paper_for_campus_placement_and_recruitment.htm",7697,"infosys","Previous Year Questions","",30,50,"medium"
"infosys-res-infosys_written_24th_march","infosys written 24th march","/resources/infosys/infosys_written_24th_march.docx",14606,"infosys","Previous Year Questions","",30,50,"medium"
"infosys-res-infosys_written_help_1_","infosys written help 1","/resources/infosys/infosys_written_help_1_.docx",12150,"infosys","Previous Year Questions","",30,50,"medium"
"infosys-res-infosys_written_help","infosys written help","/resources/infosys/infosys_written_help.docx",12150,"infosys","Previous Year Questions","",30,50,"medium"
"infosys-res-infosys_written_questions-10-03-2018_1_","infosys written questions 10 03 2018 1","/resources/infosys/infosys_written_questions-10-03-2018_1_.docx",15345,"infosys","Previous Year Questions","",30,50,"medium"
"infosys-res-infosys_written_questions-10-03-2018","infosys written questions 10 03 2018","/resources/infosys/infosys_written_questions-10-03-2018.docx",15345,"infosys","Previous Year Questions","",30,50,"medium"
"infosys-res-infosys-10th_march_and_11th_march-latest","infosys 10th march and 11th march latest 1","/resources/infosys/infosys-10th_march_and_11th_march-latest_1_.docx",37497,"infosys","Previous Year Questions","",30,50,"medium"
"infosys-res-infosys_preparation","Infosys Preparation","/resources/infosys/infosys_preparation.docx",271085,"infosys","Previous Year Questions","",30,50,"medium"
"infosys-res-quant_formula_book_2017","Quant Formula Book 2017","/resources/infosys/quant_formula_book_2017.pdf",621094,"infosys","Aptitude","",30,50,"medium"
"infosys-res-test1","TEST1","/resources/infosys/test1.htm",6040,"infosys","Previous Year Questions","",30,50,"medium"
"infosys-res-test2","TEST2","/resources/infosys/test2.htm",11599,"infosys","Previous Year Questions","",30,50,"medium"
"infosys-res-test3","TEST3","/resources/infosys/test3.htm",7664,"infosys","Previous Year Questions","",30,50,"medium"
"infosys-res-test4","TEST4","/resources/infosys/test4.htm",5892,"infosys","Previous Year Questions","",30,50,"medium"
"infosys-res-test5","TEST5","/resources/infosys/test5.htm",6312,"infosys","Previous Year Questions","",30,50,"medium"
"infosys-res-test6","TEST6","/resources/infosys/test6.htm",6260,"infosys","Previous Year Questions","",30,50,"medium"
"infosys-res-test7","TEST7","/resources/infosys/test7.htm",8444,"infosys","Previous Year Questions","",30,50,"medium"
"infosys-res-infosys_aptitude_test","Infosys Aptitude Test","/resources/infosys/infosys_aptitude_test.pdf",372744,"infosys","Aptitude","",30,50,"medium"
"infosys-res-infosys_class_work","Infosys Class work","/resources/infosys/infosys_class_work.pdf",661448,"infosys","Previous Year Questions","",30,50,"medium"
"infosys-res-infosys_new1","Infosys New1","/resources/infosys/infosys_new1.pdf",86202,"infosys","Previous Year Questions","",30,50,"medium"
"infosys-res-infosys_online_test","Infosys Online Test","/resources/infosys/infosys_online_test.pdf",234364,"infosys","Previous Year Questions","",30,50,"medium"
"infosys-res-infosys_paid_3","Infosys paid 3","/resources/infosys/infosys_paid_3.pdf",1465188,"infosys","Previous Year Questions","",60,100,"medium"
"infosys-res-infosys_paid_5","Infosys paid 5","/resources/infosys/infosys_paid_5.pdf",791634,"infosys","Previous Year Questions","",30,50,"medium"
"infosys-res-infosys_paid_6","Infosys paid 6","/resources/infosys/infosys_paid_6.pdf",620849,"infosys","Previous Year Questions","",30,50,"medium"
"infosys-res-infosys_paid_material_1_2_","Infosys Paid Material 1 2","/resources/infosys/infosys_paid_material_1_2_.pdf",620849,"infosys","Previous Year Questions","",30,50,"medium"
"infosys-res-infosys_paid_material_1-1","Infosys Paid Material 1 1","/resources/infosys/infosys_paid_material_1-1.pdf",620849,"infosys","Previous Year Questions","",30,50,"medium"
"infosys-res-infosys_paid_material_1","Infosys Paid Material 1","/resources/infosys/infosys_paid_material_1.pdf",620849,"infosys","Previous Year Questions","",30,50,"medium"
"infosys-res-infosys_paid_material_pro_1_1_","Infosys Paid Material Pro 1 1","/resources/infosys/infosys_paid_material_pro_1_1_.pdf",890397,"infosys","Previous Year Questions","",30,50,"medium"
"infosys-res-infosys_paid_material_pro_1_2_","Infosys Paid Material Pro 1 2","/resources/infosys/infosys_paid_material_pro_1_2_.pdf",890397,"infosys","Previous Year Questions","",30,50,"medium"
"infosys-res-infosys_paid_material_pro_1_3_","Infosys Paid Material Pro 1 3","/resources/infosys/infosys_paid_material_pro_1_3_.pdf",890397,"infosys","Previous Year Questions","",30,50,"medium"
"infosys-res-infosys_paid_material_pro_1-1_2_","Infosys Paid Material Pro 1 1 2","/resources/infosys/infosys_paid_material_pro_1-1_2_.pdf",890397,"infosys","Previous Year Questions","",30,50,"medium"
"infosys-res-infosys_paid_material_pro_1-1","Infosys Paid Material Pro 1 1","/resources/infosys/infosys_paid_material_pro_1-1.pdf",890397,"infosys","Previous Year Questions","",30,50,"medium"
"infosys-res-infosys_paid_material_pro_1","Infosys Paid Material Pro 1","/resources/infosys/infosys_paid_material_pro_1.pdf",890397,"infosys","Previous Year Questions","",30,50,"medium"
"infosys-res-infosys_paid_material_pro","Infosys Paid Material Pro","/resources/infosys/infosys_paid_material_pro.pdf",648545,"infosys","Previous Year Questions","",30,50,"medium"
"infosys-res-infosys_paid_material_pro_3_1_","Infosys Paid Material Pro 3 1","/resources/infosys/infosys_paid_material_pro_3_1_.pdf",648545,"infosys","Previous Year Questions","",30,50,"medium"
"infosys-res-infosys_paid_stuff_4_1_","infosys paid stuff 4 1","/resources/infosys/infosys_paid_stuff_4_1_.pdf",339996,"infosys","Previous Year Questions","",30,50,"medium"
"infosys-res-infosys_paid_stuff_4_","infosys paid stuff 4","/resources/infosys/infosys_paid_stuff_4_.pdf",339996,"infosys","Previous Year Questions","",30,50,"medium"
"infosys-res-infosys_paid_1_","Infosys paid 1","/resources/infosys/infosys_paid_1_.pdf",954769,"infosys","Previous Year Questions","",30,50,"medium"
"infosys-res-infosys_paid","Infosys paid","/resources/infosys/infosys_paid.pdf",954769,"infosys","Previous Year Questions","",30,50,"medium"
"infosys-res-infosys_paid1","Infosys paid1","/resources/infosys/infosys_paid1.pdf",648545,"infosys","Previous Year Questions","",30,50,"medium"
"infosys-res-infosys_paid2_1_","Infosys paid2 1","/resources/infosys/infosys_paid2_1_.pdf",890397,"infosys","Previous Year Questions","",30,50,"medium"
"infosys-res-infosys_paid2","Infosys paid2","/resources/infosys/infosys_paid2.pdf",890397,"infosys","Previous Year Questions","",30,50,"medium"
"infosys-res-infosys_paid9_1_","Infosys paid9 1","/resources/infosys/infosys_paid9_1_.pdf",791634,"infosys","Previous Year Questions","",30,50,"medium"
"infosys-res-infosys_paid9","Infosys paid9","/resources/infosys/infosys_paid9.pdf",791634,"infosys","Previous Year Questions","",30,50,"medium"
"infosys-res-infosys_ppr_1_","Infosys ppr 1","/resources/infosys/infosys_ppr_1_.pdf",84957,"infosys","Previous Year Questions","",30,50,"medium"
"infosys-res-infosys_ppr","Infosys ppr","/resources/infosys/infosys_ppr.pdf",84957,"infosys","Previous Year Questions","",30,50,"medium"
"infosys-res-infosys_ppr1_1_","Infosys ppr1 1","/resources/infosys/infosys_ppr1_1_.pdf",954769,"infosys","Previous Year Questions","",30,50,"medium"
"infosys-res-infosys_ppr1","Infosys ppr1","/resources/infosys/infosys_ppr1.pdf",954769,"infosys","Previous Year Questions","",30,50,"medium"
"infosys-res-infosys_ppr2_1_","Infosys ppr2 1","/resources/infosys/infosys_ppr2_1_.pdf",342980,"infosys","Previous Year Questions","",30,50,"medium"
"infosys-res-infosys_ppr2","Infosys ppr2","/resources/infosys/infosys_ppr2.pdf",342980,"infosys","Previous Year Questions","",30,50,"medium"
"infosys-res-5_6080132373402353964","5_6080132373402353964","/resources/infosys/5_6080132373402353964.pdf",287904,"infosys","Previous Year Questions","",30,50,"medium"
"infosys-res-5_6080132373402353965","5_6080132373402353965","/resources/infosys/5_6080132373402353965.pdf",510512,"infosys","Previous Year Questions","",30,50,"medium"
"infosys-res-5_6080132373402353966","5_6080132373402353966","/resources/infosys/5_6080132373402353966.pdf",824830,"infosys","Previous Year Questions","",30,50,"medium"
"infosys-res-5_6080132373402353967","5_6080132373402353967","/resources/infosys/5_6080132373402353967.pdf",412069,"infosys","Previous Year Questions","",30,50,"medium"
"infosys-res-5_6080132373402353968","5_6080132373402353968","/resources/infosys/5_6080132373402353968.pdf",373235,"infosys","Previous Year Questions","",30,50,"medium"
"infosys-res-5_6080132373402353969","5_6080132373402353969","/resources/infosys/5_6080132373402353969.pdf",362407,"infosys","Previous Year Questions","",30,50,"medium"
"infosys-res-5_6080132373402353970","5_6080132373402353970","/resources/infosys/5_6080132373402353970.pdf",400976,"infosys","Previous Year Questions","",30,50,"medium"
"infosys-res-infosys_previous_year","Infosys Previous Year","/resources/infosys/infosys_previous_year.pdf",890397,"infosys","Previous Year Questions","",30,50,"medium"
"infosys-res-infosys_seating_arrangements","Infosys Seating Arrangements","/resources/infosys/infosys_seating_arrangements.pdf",514914,"infosys","Previous Year Questions","",30,50,"medium"
"infosys-res-infosys_verbal_ability_questions_www-mat","INFOSYS Verbal Ability Questions www matterhere com NRR 1","/resources/infosys/infosys_verbal_ability_questions_www-matterhere-com_nrr_1_.pdf",324042,"infosys","Verbal Ability","",30,50,"medium"
"infosys-res-infosys_verbal_english_question_","Infosys verbal English question","/resources/infosys/infosys_verbal_english_question_.docx",251705,"infosys","Verbal Ability","",30,50,"medium"
"infosys-res-infosys-1_1_","Infosys 1 1","/resources/infosys/infosys-1_1_.pdf",78022,"infosys","Previous Year Questions","",30,50,"medium"
"infosys-res-infosys-1","Infosys 1","/resources/infosys/infosys-1.pdf",78022,"infosys","Previous Year Questions","",30,50,"medium"
"infosys-res-infosys-2_1_","Infosys 2 1","/resources/infosys/infosys-2_1_.pdf",93641,"infosys","Previous Year Questions","",30,50,"medium"
"infosys-res-infosys-2","Infosys 2","/resources/infosys/infosys-2.pdf",93641,"infosys","Previous Year Questions","",30,50,"medium"
"infosys-res-infosys-3_1_","Infosys 3 1","/resources/infosys/infosys-3_1_.pdf",84957,"infosys","Previous Year Questions","",30,50,"medium"
"infosys-res-infosys-3","Infosys 3","/resources/infosys/infosys-3.pdf",84957,"infosys","Previous Year Questions","",30,50,"medium"
"infosys-res-infosys-4_1_","Infosys 4 1","/resources/infosys/infosys-4_1_.pdf",85218,"infosys","Previous Year Questions","",30,50,"medium"
"infosys-res-infosys-4","Infosys 4","/resources/infosys/infosys-4.pdf",85218,"infosys","Previous Year Questions","",30,50,"medium"
"infosys-res-infosys-5_1_","Infosys 5 1","/resources/infosys/infosys-5_1_.pdf",114889,"infosys","Previous Year Questions","",30,50,"medium"
"infosys-res-infosys-5","Infosys 5","/resources/infosys/infosys-5.pdf",114889,"infosys","Previous Year Questions","",30,50,"medium"
"infosys-res-infosys-6_1_","Infosys 6 1","/resources/infosys/infosys-6_1_.pdf",339996,"infosys","Previous Year Questions","",30,50,"medium"
"infosys-res-infosys-6","Infosys 6","/resources/infosys/infosys-6.pdf",339996,"infosys","Previous Year Questions","",30,50,"medium"
"infosys-res-infosys-7_1_","Infosys 7 1","/resources/infosys/infosys-7_1_.pdf",342980,"infosys","Previous Year Questions","",30,50,"medium"
"infosys-res-infosys-7","Infosys 7","/resources/infosys/infosys-7.pdf",342980,"infosys","Previous Year Questions","",30,50,"medium"
"infosys-res-infosys-paid-material-logical_1_","Infosys Paid Material Logical 1","/resources/infosys/infosys-paid-material-logical_1_.pdf",954769,"infosys","Previous Year Questions","",30,50,"medium"
"infosys-res-infosys-paid-material-logical","Infosys Paid Material Logical","/resources/infosys/infosys-paid-material-logical.pdf",954769,"infosys","Previous Year Questions","",30,50,"medium"
"infosys-res-infosys-paid-material-pro-1_1_","Infosys Paid Material Pro 1 1","/resources/infosys/infosys-paid-material-pro-1_1_.pdf",791634,"infosys","Previous Year Questions","",30,50,"medium"
"infosys-res-infosys-paid-material-pro-1","Infosys Paid Material Pro 1","/resources/infosys/infosys-paid-material-pro-1.pdf",791634,"infosys","Previous Year Questions","",30,50,"medium"
"infosys-res-infosys-placement-logical-reasoning-pape","Infosys Placement Logical Reasoning Papers 1","/resources/infosys/infosys-placement-logical-reasoning-papers_1_.pdf",82743,"infosys","Aptitude","",30,50,"medium"
"infosys-res-infosys-reasoning-questions-and-answers","Infosys Reasoning Questions and Answers","/resources/infosys/infosys-reasoning-questions-and-answers.pdf",110342,"infosys","Aptitude","",30,50,"medium"
"infosys-res-infosys1","infosys1","/resources/infosys/infosys1.pdf",125101,"infosys","Previous Year Questions","",30,50,"medium"
"infosys-res-5_6140928387096510510","5_6140928387096510510","/resources/infosys/5_6140928387096510510.pdf",954769,"infosys","Previous Year Questions","",30,50,"medium"
"infosys-res-5_6310102385767219331","5_6310102385767219331","/resources/infosys/5_6310102385767219331.pdf",324042,"infosys","Previous Year Questions","",30,50,"medium"
"infosys-res-edoc.site_infosys-paid-material-pro","edoc.site infosys paid material pro","/resources/infosys/edoc.site_infosys-paid-material-pro.pdf",1938231,"infosys","Previous Year Questions","",60,100,"medium"
"infosys-res-edoc.site_infosys-placement-papers","edoc.site infosys placement papers","/resources/infosys/edoc.site_infosys-placement-papers.pdf",3420314,"infosys","Previous Year Questions","",60,100,"medium"
"infosys-res-infosys_-_1","INFOSYS 1","/resources/infosys/infosys_-_1.docx",96165,"infosys","Previous Year Questions","",30,50,"medium"
"infosys-res-infosys_-_2","INFOSYS 2","/resources/infosys/infosys_-_2.pdf",345203,"infosys","Previous Year Questions","",30,50,"medium"
"infosys-res-infosys_-_3","INFOSYS 3","/resources/infosys/infosys_-_3.pdf",383584,"infosys","Previous Year Questions","",30,50,"medium"
"infosys-res-infosys_-_4","INFOSYS 4","/resources/infosys/infosys_-_4.pdf",573805,"infosys","Previous Year Questions","",30,50,"medium"
"infosys-res-infosys_ltd-systems_engineer_specialist_","Infosys Ltd Systems Engineer Specialist Role 05.09.2018","/resources/infosys/infosys_ltd-systems_engineer_specialist_role_05.09.2018.xlsx",161751,"infosys","Previous Year Questions","",30,50,"medium"
"infosys-res-infosys_paid_material_pro_1-1m","Infosys Paid Material Pro 1 1m","/resources/infosys/infosys_paid_material_pro_1-1m.pdf",890397,"infosys","Previous Year Questions","",30,50,"medium"
"infosys-res-infosys-placement-paper-2","Infosys Placement Paper 2","/resources/infosys/infosys-placement-paper-2.pdf",93641,"infosys","Previous Year Questions","",30,50,"medium"
"infosys-res-infosys-placement-paper-3","Infosys Placement Paper 3","/resources/infosys/infosys-placement-paper-3.pdf",84962,"infosys","Previous Year Questions","",30,50,"medium"
"infosys-res-infosys-placement-paper-4","Infosys Placement Paper 4","/resources/infosys/infosys-placement-paper-4.pdf",85212,"infosys","Previous Year Questions","",30,50,"medium"
"infosys-res-infosys-placement-paper-5-2018","Infosys Placement Paper 5 2018","/resources/infosys/infosys-placement-paper-5-2018.pdf",114873,"infosys","Previous Year Questions","",30,50,"medium"
"infosys-res-infosys-placement-sample-paper-4-1","Infosys Placement Sample Paper 4 1","/resources/infosys/infosys-placement-sample-paper-4-1.docx",17764,"infosys","Previous Year Questions","",30,50,"medium"
"infosys-res-infosys-verbal","INFOSYS Verbal","/resources/infosys/infosys-verbal.docx",251705,"infosys","Verbal Ability","",30,50,"medium"
"infosys-res-infosys3","Infosys3","/resources/infosys/infosys3.pdf",339996,"infosys","Previous Year Questions","",30,50,"medium"
"infosys-res-infosys3_engineering108.com","infosys3 engineering108.com","/resources/infosys/infosys3_engineering108.com.pdf",101953,"infosys","Previous Year Questions","",30,50,"medium"
"infosys-res-infosys6","Infosys6","/resources/infosys/infosys6.pdf",84957,"infosys","Previous Year Questions","",30,50,"medium"
"infosys-res-infosysa_paid","Infosysa paid","/resources/infosys/infosysa_paid.pdf",78022,"infosys","Previous Year Questions","",30,50,"medium"
"infosys-res-infy-quant-1","INFY Quant 1","/resources/infosys/infy-quant-1.docx",612618,"infosys","Aptitude","",30,50,"medium"
"infosys-res-pi_infosys_verbal_english_1-1","PI Infosys Verbal English 1 1","/resources/infosys/pi_infosys_verbal_english_1-1.pdf",1465188,"infosys","Verbal Ability","",60,100,"medium"
"infosys-res-infosys_very_important","Infosys Very Important","/resources/infosys/infosys_very_important.pdf",648545,"infosys","Previous Year Questions","",30,50,"medium"
"general-res-interview_questions_161pgs_","Interview questions 161pgs","/resources/general/interview_questions_161pgs_.pdf",480624,"general","Interview Prep","",30,50,"medium"
"general-res-interview_questions","interview questions","/resources/general/interview_questions.docx",24311,"general","Interview Prep","",30,50,"medium"
"lg-soft-res-lg_soft","LG soft","/resources/lg-soft/lg_soft.docx",21780,"lg-soft","Previous Year Questions","",30,50,"medium"
"lg-soft-res-lg","LG","/resources/lg-soft/lg.pdf",186589,"lg-soft","Previous Year Questions","",30,50,"medium"
"l-and-t-res-l_t_interview_questions","L T interview questions","/resources/l-and-t/l_t_interview_questions.docx",12271,"l-and-t","Interview Prep","",30,50,"medium"
"l-and-t-res-l_t_placement_aptitude_test_question_pap","L T Placement Aptitude Test Question Paper","/resources/l-and-t/l_t_placement_aptitude_test_question_paper.doc",258560,"l-and-t","Aptitude","",30,50,"medium"
"l-and-t-res-l_t","L T","/resources/l-and-t/l_t.docx",30956,"l-and-t","Previous Year Questions","",30,50,"medium"
"l-and-t-res-l_t_1","L T 1","/resources/l-and-t/l_t_1.docx",16820,"l-and-t","Previous Year Questions","",30,50,"medium"
"l-and-t-res-l_t_quants","L T quants","/resources/l-and-t/l_t_quants.docx",249362,"l-and-t","Aptitude","",30,50,"medium"
"l-and-t-res-l_t_test","L T Test","/resources/l-and-t/l_t_test.docx",18132,"l-and-t","Previous Year Questions","",30,50,"medium"
"l-and-t-res-l_t_topic","L T Topic","/resources/l-and-t/l_t_topic.docx",13461,"l-and-t","Previous Year Questions","",30,50,"medium"
"l-and-t-res-l_t_verbal_dbms","L T verbal DBMS","/resources/l-and-t/l_t_verbal_dbms.docx",36693,"l-and-t","Verbal Ability","",30,50,"medium"
"mindtree-res-5_6186171495283163178","5_6186171495283163178","/resources/mindtree/5_6186171495283163178.pdf",468114,"mindtree","Previous Year Questions","",30,50,"medium"
"mindtree-res-copy_of_0_mindtree_grooming_notes","Copy of 0 Mindtree Grooming Notes","/resources/mindtree/copy_of_0_mindtree_grooming_notes.pdf",11773840,"mindtree","Interview Prep","",120,100,"medium"
"mindtree-res-imts_mindtree","IMTS Mindtree","/resources/mindtree/imts_mindtree.pdf",341699,"mindtree","Previous Year Questions","",30,50,"medium"
"mindtree-res-imts-jd","imts jd","/resources/mindtree/imts-jd.pdf",240980,"mindtree","Previous Year Questions","",30,50,"medium"
"mindtree-res-logical","LOGICAL","/resources/mindtree/logical.pdf",375678,"mindtree","Previous Year Questions","",30,50,"medium"
"mindtree-res-mind_tree_1_","mind tree 1","/resources/mindtree/mind_tree_1_.pdf",468114,"mindtree","Previous Year Questions","",30,50,"medium"
"mindtree-res-mindtree_aptitude","MindTree Aptitude","/resources/mindtree/mindtree_aptitude.pdf",872841,"mindtree","Aptitude","",30,50,"medium"
"mindtree-res-mindtree_coding","Mindtree coding","/resources/mindtree/mindtree_coding.pdf",793830,"mindtree","DSA","",30,50,"medium"
"mindtree-res-mindtree_quant_section","Mindtree Quant Section","/resources/mindtree/mindtree_quant_section.pdf",1203428,"mindtree","Aptitude","",60,100,"medium"
"mindtree-res-mindtree_programs","Mindtree Programs","/resources/mindtree/mindtree_programs.docx",20521,"mindtree","DSA","",30,50,"medium"
"mindtree-res-quantitative","QUANTITATIVE","/resources/mindtree/quantitative.pdf",468114,"mindtree","Aptitude","",30,50,"medium"
"mindtree-res-verbal_1","VERBAL 1","/resources/mindtree/verbal_1.pdf",230681,"mindtree","Verbal Ability","",30,50,"medium"
"mindtree-res-verbal_2","VERBAL 2","/resources/mindtree/verbal_2.pdf",314701,"mindtree","Verbal Ability","",30,50,"medium"
"mindtree-res-mindtree_logical_practice","Mindtree logical practice","/resources/mindtree/mindtree_logical_practice.pdf",375678,"mindtree","Previous Year Questions","",30,50,"medium"
"mindtree-res-mindtree_logical_q_a","Mindtree logical q a","/resources/mindtree/mindtree_logical_q_a.pdf",375678,"mindtree","Previous Year Questions","",30,50,"medium"
"mindtree-res-mindtree_programs_141018103751","Mindtree Programs 141018103751","/resources/mindtree/mindtree_programs_141018103751.docx",20521,"mindtree","DSA","",30,50,"medium"
"mindtree-res-mindtree-aptitude-questions-and-answers","Mindtree Aptitude Questions and Answers","/resources/mindtree/mindtree-aptitude-questions-and-answers.pdf",119190,"mindtree","Aptitude","",30,50,"medium"
"mindtree-res-mindtree-logical-reasoning-questions-and","Mindtree Logical Reasoning Questions and Answers","/resources/mindtree/mindtree-logical-reasoning-questions-and-answers.pdf",166376,"mindtree","Aptitude","",30,50,"medium"
"mindtree-res-mindtree-verbal-ability-questions-and-an","Mindtree Verbal Ability Questions and Answers","/resources/mindtree/mindtree-verbal-ability-questions-and-answers.pdf",170138,"mindtree","Verbal Ability","",30,50,"medium"
"mindtree-res-mindtreeqa","MindtreeQA","/resources/mindtree/mindtreeqa.pdf",468114,"mindtree","Previous Year Questions","",30,50,"medium"
"mindtree-res-mindtree_english","MindTree English","/resources/mindtree/mindtree_english.pdf",230681,"mindtree","Verbal Ability","",30,50,"medium"
"mindtree-res-mindtree_logical","MindTree Logical","/resources/mindtree/mindtree_logical.pdf",375678,"mindtree","Previous Year Questions","",30,50,"medium"
"mindtree-res-pi_new_paid_mindtree_quants-1","PI New Paid MindTree Quants 1","/resources/mindtree/pi_new_paid_mindtree_quants-1.pdf",468114,"mindtree","Aptitude","",30,50,"medium"
"mphasis-res-5_6183999788019613736","5_6183999788019613736","/resources/mphasis/5_6183999788019613736.pdf",520724,"mphasis","Previous Year Questions","",30,50,"medium"
"mphasis-res-amcat_computer_programming1","AMCAT Computer Programming1","/resources/mphasis/amcat_computer_programming1.pdf",560202,"mphasis","DSA","",30,50,"medium"
"mphasis-res-amcatcse-computerscience","AMCATCSE ComputerScience","/resources/mphasis/amcatcse-computerscience.pdf",300519,"mphasis","Previous Year Questions","",30,50,"medium"
"mphasis-res-amcatenglish","AMCATENGLISH","/resources/mphasis/amcatenglish.pdf",859384,"mphasis","Verbal Ability","",30,50,"medium"
"mphasis-res-amcatlogical","AMCATLogical","/resources/mphasis/amcatlogical.pdf",685811,"mphasis","Previous Year Questions","",30,50,"medium"
"mphasis-res-gm_amcat_quants","GM AMCAT QUANTS","/resources/mphasis/gm_amcat_quants.pdf",753464,"mphasis","Aptitude","",30,50,"medium"
"mphasis-res-mphasis_versant","Mphasis Versant","/resources/mphasis/mphasis_versant.pdf",159413,"mphasis","Previous Year Questions","",30,50,"medium"
"mphasis-res-mphasis-aptitude-questions-and-answers","Mphasis Aptitude Questions and Answers","/resources/mphasis/mphasis-aptitude-questions-and-answers.pdf",137284,"mphasis","Aptitude","",30,50,"medium"
"mphasis-res-mphasis-logical-reasoning-questions-and-","Mphasis Logical Reasoning Questions and Answers","/resources/mphasis/mphasis-logical-reasoning-questions-and-answers.pdf",97650,"mphasis","Aptitude","",30,50,"medium"
"mphasis-res-mphasis-verbal-ability-questions-and-ans","Mphasis Verbal Ability Questions and Answers","/resources/mphasis/mphasis-verbal-ability-questions-and-answers.pdf",92229,"mphasis","Verbal Ability","",30,50,"medium"
"mphasis-res-mphasis","mphasis","/resources/mphasis/mphasis.pdf",520724,"mphasis","Previous Year Questions","",30,50,"medium"
"mphasis-res-mphasisss","MPHASISSS","/resources/mphasis/mphasisss.pdf",520724,"mphasis","Previous Year Questions","",30,50,"medium"
"mphasis-res-prepinsta_mphasis_apti_material_","Prepinsta Mphasis apti material","/resources/mphasis/prepinsta_mphasis_apti_material_.pdf",479196,"mphasis","Aptitude","",30,50,"medium"
"mphasis-res-prepinsta_mphasis_study_material","Prepinsta Mphasis study material","/resources/mphasis/prepinsta_mphasis_study_material.pdf",520724,"mphasis","Previous Year Questions","",30,50,"medium"
"mphasis-res-versant_round_mphasis","Versant Round Mphasis","/resources/mphasis/versant_round_mphasis.pdf",45921,"mphasis","Previous Year Questions","",30,50,"medium"
"general-res-nitk_placement_gyan_2015","NITK Placement Gyan 2015","/resources/general/nitk_placement_gyan_2015.pdf",6481348,"general","Previous Year Questions","",120,100,"medium"
"general-res-norman_lewis_-_word_power_made_easy_full","Norman Lewis Word Power Made Easy Fully Revised Expanded New Paperback Edition","/resources/general/norman_lewis_-_word_power_made_easy_fully_revised_expanded_new_paperback_edition_.pdf",22200495,"general","Verbal Ability","",120,100,"medium"
"general-res-placement_material_q_a","Placement material q a","/resources/general/placement_material_q_a.pdf",1254544,"general","Previous Year Questions","",60,100,"medium"
"pseudocode-res-pseudocode_test_2_cram_up","Pseudocode Test 2 cram up","/resources/pseudocode/pseudocode_test_2_cram_up.pdf",575188,"pseudocode","Core Subjects","",30,50,"medium"
"pseudocode-res-pseudocode_test_3","Pseudocode Test 3","/resources/pseudocode/pseudocode_test_3.pdf",374316,"pseudocode","Core Subjects","",30,50,"medium"
"pseudocode-res-pseudocode_test_4","Pseudocode Test 4","/resources/pseudocode/pseudocode_test_4.pdf",607091,"pseudocode","Core Subjects","",30,50,"medium"
"general-res-quant_questions_with_answers_","Quant questions with answers","/resources/general/quant_questions_with_answers_.pdf",2042035,"general","Aptitude","",60,100,"medium"
"robert-bosch-res-robert_bosch","Robert Bosch","/resources/robert-bosch/robert_bosch.docx",14151,"robert-bosch","Previous Year Questions","",30,50,"medium"
"general-res-series_aptitude_q_a_","Series aptitude q a","/resources/general/series_aptitude_q_a_.pdf",24215,"general","Aptitude","",30,50,"medium"
"sopra-steria-res-_faltu_english-placement-papers","#FALTU English Placement Papers","/resources/sopra-steria/_faltu_english-placement-papers.pdf",386439,"sopra-steria","Verbal Ability","",30,50,"medium"
"sopra-steria-res-_faltu_english","#FALTU english","/resources/sopra-steria/_faltu_english.pdf",118789,"sopra-steria","Verbal Ability","",30,50,"medium"
"sopra-steria-res-_faltu_sopra-steria-written-test-questio","#FALTU Sopra Steria Written Test Questions And Answers","/resources/sopra-steria/_faltu_sopra-steria-written-test-questions-and-answers.pdf",189072,"sopra-steria","Previous Year Questions","",30,50,"medium"
"sopra-steria-res-aptitude-test","Aptitude Test","/resources/sopra-steria/aptitude-test.pdf",346485,"sopra-steria","Aptitude","",30,50,"medium"
"sopra-steria-res-aptitude","Aptitude","/resources/sopra-steria/aptitude.pdf",33645,"sopra-steria","Aptitude","",30,50,"medium"
"sopra-steria-res-latest-sopra-steria-placement-interview-","Latest Sopra Steria Placement Interview Questions","/resources/sopra-steria/latest-sopra-steria-placement-interview-questions.pdf",77435,"sopra-steria","Interview Prep","",30,50,"medium"
"sopra-steria-res-reasoning-1","Reasoning 1","/resources/sopra-steria/reasoning-1.pdf",1666806,"sopra-steria","Aptitude","",60,100,"medium"
"sopra-steria-res-reasoning-test-placement-papers-1","Reasoning Test Placement Papers 1","/resources/sopra-steria/reasoning-test-placement-papers-1.pdf",377881,"sopra-steria","Aptitude","",30,50,"medium"
"sopra-steria-res-sopra-steria-previous-years-placement-qu","Sopra Steria Previous Years Placement Questions","/resources/sopra-steria/sopra-steria-previous-years-placement-questions.pdf",102576,"sopra-steria","Previous Year Questions","",30,50,"medium"
"sopra-steria-res-technical-subjects-placement-papers","Technical Subjects Placement Papers","/resources/sopra-steria/technical-subjects-placement-papers.pdf",359679,"sopra-steria","Core Subjects","",30,50,"medium"
"tcs-res-5_6095780438205268015","5_6095780438205268015","/resources/tcs/5_6095780438205268015.pdf",273810,"tcs","Previous Year Questions","",30,50,"medium"
"tcs-res-5_6141001354295902409","5_6141001354295902409","/resources/tcs/5_6141001354295902409.pdf",8660081,"tcs","Previous Year Questions","",120,100,"medium"
"tcs-res-5_6143314078220681350","5_6143314078220681350","/resources/tcs/5_6143314078220681350.pdf",321929,"tcs","Previous Year Questions","",30,50,"medium"
"tcs-res-5_6145644359971766390","5_6145644359971766390","/resources/tcs/5_6145644359971766390.pdf",332021,"tcs","Previous Year Questions","",30,50,"medium"
"tcs-res-5_6145644359971766391","5_6145644359971766391","/resources/tcs/5_6145644359971766391.pdf",691434,"tcs","Previous Year Questions","",30,50,"medium"
"tcs-res-5_6145644359971766392","5_6145644359971766392","/resources/tcs/5_6145644359971766392.pdf",288032,"tcs","Previous Year Questions","",30,50,"medium"
"tcs-res-5_6145644359971766393","5_6145644359971766393","/resources/tcs/5_6145644359971766393.pdf",295131,"tcs","Previous Year Questions","",30,50,"medium"
"tcs-res-5_6145647645621747812","5_6145647645621747812","/resources/tcs/5_6145647645621747812.pdf",350892,"tcs","Previous Year Questions","",30,50,"medium"
"tcs-res-5_6147506567596998827","5_6147506567596998827","/resources/tcs/5_6147506567596998827.pdf",47722,"tcs","Previous Year Questions","",30,50,"medium"
"tcs-res-5_6147506567596998828","5_6147506567596998828","/resources/tcs/5_6147506567596998828.pdf",194393,"tcs","Previous Year Questions","",30,50,"medium"
"tcs-res-5_6147898363103674556","5_6147898363103674556","/resources/tcs/5_6147898363103674556.pdf",180281,"tcs","Previous Year Questions","",30,50,"medium"
"tcs-res-5_6149760695282958465","5_6149760695282958465","/resources/tcs/5_6149760695282958465.pdf",194393,"tcs","Previous Year Questions","",30,50,"medium"
"tcs-res-5_6161104670279336116","5_6161104670279336116","/resources/tcs/5_6161104670279336116.pdf",127382,"tcs","Previous Year Questions","",30,50,"medium"
"tcs-res-5_6161104670279336117","5_6161104670279336117","/resources/tcs/5_6161104670279336117.pdf",111074,"tcs","Previous Year Questions","",30,50,"medium"
"tcs-res-5_6161104670279336118","5_6161104670279336118","/resources/tcs/5_6161104670279336118.pdf",118497,"tcs","Previous Year Questions","",30,50,"medium"
"tcs-res-5_6161150579184762997","5_6161150579184762997","/resources/tcs/5_6161150579184762997.pdf",125357,"tcs","Previous Year Questions","",30,50,"medium"
"tcs-res-5_6161150579184762998","5_6161150579184762998","/resources/tcs/5_6161150579184762998.pdf",123476,"tcs","Previous Year Questions","",30,50,"medium"
"tcs-res-5_6161150579184762999","5_6161150579184762999","/resources/tcs/5_6161150579184762999.pdf",116782,"tcs","Previous Year Questions","",30,50,"medium"
"tcs-res-5_6161150579184763000","5_6161150579184763000","/resources/tcs/5_6161150579184763000.pdf",103208,"tcs","Previous Year Questions","",30,50,"medium"
"tcs-res-5_6163505342249435298","5_6163505342249435298","/resources/tcs/5_6163505342249435298.docx",16073,"tcs","Previous Year Questions","",30,50,"medium"
"tcs-res-5_6195050128986865824","5_6195050128986865824","/resources/tcs/5_6195050128986865824.docx",248460,"tcs","Previous Year Questions","",30,50,"medium"
"tcs-res-aptitude_ques_and_solutions_","Aptitude ques and solutions","/resources/tcs/aptitude_ques_and_solutions_.pdf",691434,"tcs","Aptitude","",30,50,"medium"
"tcs-res-face_prep_tcs_material_20_q_a","Face prep tcs material 20 q a","/resources/tcs/face_prep_tcs_material_20_q_a.pdf",476791,"tcs","Previous Year Questions","",30,50,"medium"
"tcs-res-face_tcs_verbal_ability_10_q","FACE tcs verbal ability 10 q","/resources/tcs/face_tcs_verbal_ability_10_q.pdf",158659,"tcs","Verbal Ability","",30,50,"medium"
"tcs-res-prepinsta_tcs_prepster_basic_and_study_m","Prepinsta TCS PrepSter Basic and study materials quant","/resources/tcs/prepinsta_tcs_prepster_basic_and_study_materials_quant.pdf",871855,"tcs","Aptitude","",30,50,"medium"
"tcs-res-pro_tcs_technical_paid_paper","Pro TCS Technical Paid Paper","/resources/tcs/pro_tcs_technical_paid_paper.pdf",263824,"tcs","Core Subjects","",30,50,"medium"
"tcs-res-tcs_aptitude_paid","TCS Aptitude Paid","/resources/tcs/tcs_aptitude_paid.pdf",5705713,"tcs","Aptitude","",120,100,"medium"
"tcs-res-tcs_ninja_-_quantitative_aptitude_2","TCS Ninja Quantitative Aptitude 2","/resources/tcs/tcs_ninja_-_quantitative_aptitude_2.docx",552843,"tcs","Aptitude","",30,50,"medium"
"tcs-res-tcs_ninja_-_quantitative_aptitude_3_r_","TCS Ninja Quantitative Aptitude 3 R","/resources/tcs/tcs_ninja_-_quantitative_aptitude_3_r_.docx",601290,"tcs","Aptitude","",30,50,"medium"
"tcs-res-tcs_ninja_-_quantitative_aptitude_4","TCS Ninja Quantitative Aptitude 4","/resources/tcs/tcs_ninja_-_quantitative_aptitude_4.docx",449982,"tcs","Aptitude","",30,50,"medium"
"tcs-res-tcs_ninja_-_quantitative_aptitude_5","TCS Ninja Quantitative Aptitude 5","/resources/tcs/tcs_ninja_-_quantitative_aptitude_5.docx",254254,"tcs","Aptitude","",30,50,"medium"
"tcs-res-tcs_ninja_-_quantitative_aptitude_6","TCS Ninja Quantitative Aptitude 6","/resources/tcs/tcs_ninja_-_quantitative_aptitude_6.docx",2066915,"tcs","Aptitude","",60,100,"medium"
"tcs-res-tcs_ninja_-_verbal_ability_2","TCS Ninja Verbal Ability 2","/resources/tcs/tcs_ninja_-_verbal_ability_2.docx",250390,"tcs","Verbal Ability","",30,50,"medium"
"tcs-res-tcs_ninja_-_verbal_ability_3","TCS Ninja Verbal Ability 3","/resources/tcs/tcs_ninja_-_verbal_ability_3.docx",248995,"tcs","Verbal Ability","",30,50,"medium"
"tcs-res-tcs_ninja_-_verbal_ability_4","TCS Ninja Verbal Ability 4","/resources/tcs/tcs_ninja_-_verbal_ability_4.docx",248460,"tcs","Verbal Ability","",30,50,"medium"
"tcs-res-tcs_ninja_-_verbal_ability_5_r_","TCS Ninja Verbal Ability 5 R","/resources/tcs/tcs_ninja_-_verbal_ability_5_r_.docx",547108,"tcs","Verbal Ability","",30,50,"medium"
"tcs-res-tcs_ninja_-_verbal_ability_6_r_","TCS Ninja Verbal Ability 6 R","/resources/tcs/tcs_ninja_-_verbal_ability_6_r_.docx",1043445,"tcs","Verbal Ability","",60,100,"medium"
"tcs-res-tcs_technical_paid_paper_good","TCS Technical Paid Paper GOOD","/resources/tcs/tcs_technical_paid_paper_good.pdf",190457,"tcs","Core Subjects","",30,50,"medium"
"tcs-res-tcs_technical_questions_good","TCS Technical Questions GOOD","/resources/tcs/tcs_technical_questions_good.pdf",500832,"tcs","Core Subjects","",30,50,"medium"
"tcs-res-tcs_technical_questions","TCS Technical Questions","/resources/tcs/tcs_technical_questions.docx",28770,"tcs","Core Subjects","",30,50,"medium"
"tcs-res-tcs17-04t_r_","TCS17 04T R","/resources/tcs/tcs17-04t_r_.docx",357951,"tcs","Previous Year Questions","",30,50,"medium"
"tcs-res-tcs_02t","TCS 02T","/resources/tcs/tcs_02t.docx",243776,"tcs","Previous Year Questions","",30,50,"medium"
"tcs-res-tcs_03t","TCS 03T","/resources/tcs/tcs_03t.docx",244449,"tcs","Previous Year Questions","",30,50,"medium"
"tcs-res-tcs_04c","TCS 04C","/resources/tcs/tcs_04c.docx",242993,"tcs","Previous Year Questions","",30,50,"medium"
"tcs-res-tcs_05c","TCS 05C","/resources/tcs/tcs_05c.docx",243205,"tcs","Previous Year Questions","",30,50,"medium"
"tcs-res-tcs_06c","TCS 06C","/resources/tcs/tcs_06c.docx",243228,"tcs","Previous Year Questions","",30,50,"medium"
"tcs-res-tcs_programs_cla","tcs programs CLA","/resources/tcs/tcs_programs_cla.pdf",102867,"tcs","DSA","",30,50,"medium"
"tcs-res-tcs_2500_questons_book_bank","TCS 2500 Questons Book Bank","/resources/tcs/tcs_2500_questons_book_bank.pdf",1883993,"tcs","Previous Year Questions","",60,100,"medium"
"tcs-res-tcs_apti_quest_bank_without_answer","Tcs apti quest bank without answer","/resources/tcs/tcs_apti_quest_bank_without_answer.pdf",461043,"tcs","Aptitude","",30,50,"medium"
"tcs-res-tcs_aptitude_question_bank_44pgs_","Tcs aptitude question bank 44pgs","/resources/tcs/tcs_aptitude_question_bank_44pgs_.pdf",461043,"tcs","Aptitude","",30,50,"medium"
"tcs-res-tcs_coding_programming_questions_2018-20","TCS Coding Programming Questions 2018 2019","/resources/tcs/tcs_coding_programming_questions_2018-2019.pdf",426533,"tcs","DSA","",30,50,"medium"
"tcs-res-tcs_digital_sample_quest","Tcs digital sample quest","/resources/tcs/tcs_digital_sample_quest.pdf",583844,"tcs","Previous Year Questions","",30,50,"medium"
"tcs-res-tcs_hr_interview_handwritten_notes","TCS HR interview handwritten notes","/resources/tcs/tcs_hr_interview_handwritten_notes.pdf",2861829,"tcs","Interview Prep","",60,100,"medium"
"tcs-res-tcs_mcqs_40_ques_freshers_world","Tcs mcqs 40 ques freshers world","/resources/tcs/tcs_mcqs_40_ques_freshers_world.pdf",426533,"tcs","Previous Year Questions","",30,50,"medium"
"tcs-res-tcs_national_qualifier_test_aptitude_pap","TCS National Qualifier Test Aptitude Paper","/resources/tcs/tcs_national_qualifier_test_aptitude_paper.pdf",180281,"tcs","Aptitude","",30,50,"medium"
"tcs-res-400-puzzles","400 Puzzles","/resources/tcs/400-puzzles.pdf",821468,"tcs","Previous Year Questions","",30,50,"medium"
"tcs-res-450_infosys_puzzles","450+ Infosys Puzzles","/resources/tcs/450_infosys_puzzles.pdf",420167,"tcs","Previous Year Questions","",30,50,"medium"
"tcs-res-6phrase_-_2019_-_tcs_-_aptitude_-_import","6Phrase 2019 TCS Aptitude Important 1","/resources/tcs/6phrase_-_2019_-_tcs_-_aptitude_-_important_1_.pdf",864141,"tcs","Aptitude","",30,50,"medium"
"tcs-res-6phrase_-_2019_-_tcs_-_coding_section_1_","6Phrase 2019 TCS Coding Section 1","/resources/tcs/6phrase_-_2019_-_tcs_-_coding_section_1_.pdf",302648,"tcs","DSA","",30,50,"medium"
"tcs-res-6phrase_-_2019_-_tcs_-_coding_section","6Phrase 2019 TCS Coding Section","/resources/tcs/6phrase_-_2019_-_tcs_-_coding_section.pdf",302648,"tcs","DSA","",30,50,"medium"
"tcs-res-aptitude","Aptitude","/resources/tcs/aptitude.pdf",228437,"tcs","Aptitude","",30,50,"medium"
"tcs-res-brainteasers","BrainTeasers","/resources/tcs/brainteasers.pdf",522856,"tcs","Previous Year Questions","",30,50,"medium"
"tcs-res-c-aptitude","c aptitude","/resources/tcs/c-aptitude.doc",337920,"tcs","Aptitude","",30,50,"medium"
"tcs-res-cisco_placement_papers","cisco placement papers","/resources/tcs/cisco_placement_papers.pdf",109979,"tcs","Previous Year Questions","",30,50,"medium"
"tcs-res-cs-technical-aptitude-questions-ebook","CS technical aptitude questions ebook","/resources/tcs/cs-technical-aptitude-questions-ebook.pdf",1467941,"tcs","Aptitude","",60,100,"medium"
"tcs-res-ibm_placement_papers","ibm placement papers","/resources/tcs/ibm_placement_papers.pdf",325791,"tcs","Previous Year Questions","",30,50,"medium"
"tcs-res-patern_in_c","patern in C","/resources/tcs/patern_in_c.docx",39381,"tcs","Previous Year Questions","",30,50,"medium"
"tcs-res-placement-book-fr-companies","placement book fr companies","/resources/tcs/placement-book-fr-companies.pdf",12855494,"tcs","Previous Year Questions","",120,100,"medium"
"tcs-res-placement-test-questions-answers-unix-an","Placement Test Questions answers Unix and Networking","/resources/tcs/placement-test-questions-answers-unix-and-networking.pdf",63130,"tcs","Previous Year Questions","",30,50,"medium"
"tcs-res-prepinsta_tcs_ninja_apti_prev_yrs_pro_ma","Prepinsta tcs ninja apti prev yrs pro material","/resources/tcs/prepinsta_tcs_ninja_apti_prev_yrs_pro_material.pdf",988083,"tcs","Aptitude","",30,50,"medium"
"tcs-res-prepinsta_tcs_prev_yes_q_a_265_pgs","Prepinsta tcs prev yes q a 265 pgs","/resources/tcs/prepinsta_tcs_prev_yes_q_a_265_pgs.pdf",988083,"tcs","Previous Year Questions","",30,50,"medium"
"tcs-res-sql-placementsindia.blogspot.com","sql placementsindia.blogspot.com","/resources/tcs/sql-placementsindia.blogspot.com.pdf",249566,"tcs","Previous Year Questions","",30,50,"medium"
"tcs-res-tcs_mock_test","TCS Mock Test","/resources/tcs/tcs_mock_test.pdf",391049,"tcs","Previous Year Questions","",30,50,"medium"
"tcs-res-tcs_mock_testt","TCS Mock Testt","/resources/tcs/tcs_mock_testt.pdf",809466,"tcs","Previous Year Questions","",30,50,"medium"
"tcs-res-tcs_ninja_1_text_paper","tcs ninja 1 text paper","/resources/tcs/tcs_ninja_1_text_paper.pdf",133578,"tcs","Previous Year Questions","",30,50,"medium"
"tcs-res-tcs_ninja_2_text_paper","tcs ninja 2 text paper","/resources/tcs/tcs_ninja_2_text_paper.pdf",138843,"tcs","Previous Year Questions","",30,50,"medium"
"tcs-res-tcs_ninja_3_text_paper","tcs ninja 3 text paper","/resources/tcs/tcs_ninja_3_text_paper.pdf",111074,"tcs","Previous Year Questions","",30,50,"medium"
"tcs-res-tcs_ninja_4_text_paper","tcs ninja 4 text paper","/resources/tcs/tcs_ninja_4_text_paper.pdf",103208,"tcs","Previous Year Questions","",30,50,"medium"
"tcs-res-tcs_ninja_5text_paper","tcs ninja 5text paper","/resources/tcs/tcs_ninja_5text_paper.pdf",127382,"tcs","Previous Year Questions","",30,50,"medium"
"tcs-res-tcs_ninja_6text_paper","tcs ninja 6text paper","/resources/tcs/tcs_ninja_6text_paper.pdf",123476,"tcs","Previous Year Questions","",30,50,"medium"
"tcs-res-tcs_ninja_7_text_paper","tcs ninja 7 text paper","/resources/tcs/tcs_ninja_7_text_paper.pdf",125357,"tcs","Previous Year Questions","",30,50,"medium"
"tcs-res-tcs_ninja_8_text_paper","tcs ninja 8 text paper","/resources/tcs/tcs_ninja_8_text_paper.pdf",118497,"tcs","Previous Year Questions","",30,50,"medium"
"tcs-res-tcs_ninja_9text_paper","tcs ninja 9text paper","/resources/tcs/tcs_ninja_9text_paper.pdf",116782,"tcs","Previous Year Questions","",30,50,"medium"
"tcs-res-tcs_ninja_most_repeated_questions_from_p","TCS Ninja Most Repeated Questions from past years 1","/resources/tcs/tcs_ninja_most_repeated_questions_from_past_years_1_.pdf",476791,"tcs","Previous Year Questions","",30,50,"medium"
"tcs-res-tcs_programs","tcs programs","/resources/tcs/tcs_programs.pdf",102867,"tcs","DSA","",30,50,"medium"
"tcs-res-_www.entrance-exam.net_-_www.entrance-ex","www.entrance exam.net www.entrance exam.net TCS PAPER OF 2011","/resources/tcs/_www.entrance-exam.net_-_www.entrance-exam.net_-tcs_paper_of_2011.pdf",31159,"tcs","Previous Year Questions","",30,50,"medium"
"tcs-res-_www.entrance-exam.net_-451_sample_quest","www.entrance exam.net 451 sample Questions TCS","/resources/tcs/_www.entrance-exam.net_-451_sample_questions_tcs_.doc",202752,"tcs","Previous Year Questions","",30,50,"medium"
"tcs-res-_www.entrance-exam.net_-tcs_placement_sa","www.entrance exam.net TCS Placement Sample Paper 1","/resources/tcs/_www.entrance-exam.net_-tcs_placement_sample_paper_1.docx",21544,"tcs","Previous Year Questions","",30,50,"medium"
"tcs-res-2385-tcsinterviewquestionspdf","2385 tcsinterviewquestionspdf","/resources/tcs/2385-tcsinterviewquestionspdf.doc",39424,"tcs","Interview Prep","",30,50,"medium"
"tcs-res-2447-tcssamplequestions","2447 tcssamplequestions","/resources/tcs/2447-tcssamplequestions.doc",55296,"tcs","Previous Year Questions","",30,50,"medium"
"tcs-res-2454-tcs-placement-paper","2454 tcs placement paper","/resources/tcs/2454-tcs-placement-paper.doc",887808,"tcs","Previous Year Questions","",30,50,"medium"
"tcs-res-2495-451-tcs-aptitude-questions","2495 451 tcs aptitude questions","/resources/tcs/2495-451-tcs-aptitude-questions.pdf",295328,"tcs","Aptitude","",30,50,"medium"
"tcs-res-2497-tcs-latest-2010-placement-paper","2497 tcs latest 2010 placement paper","/resources/tcs/2497-tcs-latest-2010-placement-paper.pdf",13574,"tcs","Previous Year Questions","",30,50,"medium"
"tcs-res-downloadmela.com_-tcs-fresher-job-interv","downloadmela.com TCS Fresher Job Interview Paper Pattern 2011","/resources/tcs/downloadmela.com_-tcs-fresher-job-interview-paper-pattern-2011.pdf",149664,"tcs","Interview Prep","",30,50,"medium"
"tcs-res-downloadmela.com_-tcs-fresher-job-placem","downloadmela.com TCS Fresher Job Placement Paper February 2011 at JMIT Haryana","/resources/tcs/downloadmela.com_-tcs-fresher-job-placement-paper-february-2011-at-jmit-haryana.pdf",82756,"tcs","Previous Year Questions","",30,50,"medium"
"tcs-res-downloadmela.com_-tcs-paper-aptitude-num","downloadmela.com TCS Paper Aptitude Numerical GMRIT Engineering College Rajam 27 January 2011 Copy 3","/resources/tcs/downloadmela.com_-tcs-paper-aptitude-numerical-gmrit-engineering-college-rajam-27-january-2011-copy-3-.pdf",35522,"tcs","Aptitude","",30,50,"medium"
"tcs-res-downloadmela.com_-tcs-paper-whole-testpa","downloadmela.com TCS Paper Whole Testpaper Bhopal 13 January 2011","/resources/tcs/downloadmela.com_-tcs-paper-whole-testpaper-bhopal-13-january-2011.pdf",38027,"tcs","Previous Year Questions","",30,50,"medium"
"tcs-res-tcs_answer","TCS Answer","/resources/tcs/tcs_answer.pdf",276375,"tcs","Previous Year Questions","",30,50,"medium"
"tcs-res-tcs_paper_2015","tcs paper 2015","/resources/tcs/tcs_paper_2015.pdf",486760,"tcs","Previous Year Questions","",30,50,"medium"
"tcs-res-tcs_pdf_2.","TCS PDF 2.","/resources/tcs/tcs_pdf_2..pdf",875795,"tcs","Previous Year Questions","",30,50,"medium"
"tcs-res-tcs_placement_paper_2013","tcs placement paper 2013","/resources/tcs/tcs_placement_paper_2013.pdf",542444,"tcs","Previous Year Questions","",30,50,"medium"
"tcs-res-tcs_placement_paper","TCS Placement Paper","/resources/tcs/tcs_placement_paper.pdf",2269877,"tcs","Previous Year Questions","",60,100,"medium"
"tcs-res-tcs_placement_papers_1","TCS Placement Papers 1","/resources/tcs/tcs_placement_papers_1.pdf",465046,"tcs","Previous Year Questions","",30,50,"medium"
"tcs-res-tcs_placement_papers_10","TCS Placement Papers 10","/resources/tcs/tcs_placement_papers_10.pdf",869801,"tcs","Previous Year Questions","",30,50,"medium"
"tcs-res-tcs_placement_papers_11","TCS Placement Papers 11","/resources/tcs/tcs_placement_papers_11.pdf",621599,"tcs","Previous Year Questions","",30,50,"medium"
"tcs-res-tcs_placement_papers_2","TCS Placement Papers 2","/resources/tcs/tcs_placement_papers_2.pdf",309508,"tcs","Previous Year Questions","",30,50,"medium"
"tcs-res-tcs_placement_papers_2014","tcs placement papers 2014","/resources/tcs/tcs_placement_papers_2014.pdf",371703,"tcs","Previous Year Questions","",30,50,"medium"
"tcs-res-tcs_placement_papers_3","TCS Placement Papers 3","/resources/tcs/tcs_placement_papers_3.pdf",245662,"tcs","Previous Year Questions","",30,50,"medium"
"tcs-res-tcs_placement_papers_4","TCS Placement Papers 4","/resources/tcs/tcs_placement_papers_4.pdf",318184,"tcs","Previous Year Questions","",30,50,"medium"
"tcs-res-tcs_placement_papers_5","TCS Placement Papers 5","/resources/tcs/tcs_placement_papers_5.pdf",271107,"tcs","Previous Year Questions","",30,50,"medium"
"tcs-res-tcs_placement_papers_with_answers_techni","TCS Placement Papers with Answers Technical Round Kolkata , 13 Jan 2011 1","/resources/tcs/tcs_placement_papers_with_answers_technical_round_-_kolkata_13-jan-2011-1.pdf",303497,"tcs","Core Subjects","",30,50,"medium"
"tcs-res-tcs_question","TCS QUESTION","/resources/tcs/tcs_question.pdf",2581820,"tcs","Previous Year Questions","",60,100,"medium"
"tcs-res-tcs-previous-year-placement-question-pap","TCS Previous Year Placement Question Paper","/resources/tcs/tcs-previous-year-placement-question-paper.pdf",126374,"tcs","Previous Year Questions","",30,50,"medium"
"tcs-res-tcs-quantitative-aptitude-question-paper","TCS Quantitative Aptitude Question Paper www matterhere com NRR","/resources/tcs/tcs-quantitative-aptitude-question-paper_www-matterhere-com_nrr.pdf",67851,"tcs","Aptitude","",30,50,"medium"
"tcs-res-tcs-tqa_www-matterhere-com_nrr","TCS TQA www matterhere com NRR","/resources/tcs/tcs-tqa_www-matterhere-com_nrr.pdf",101006,"tcs","Previous Year Questions","",30,50,"medium"
"tcs-res-tcs_previous_year_paper","TCS Previous Year Paper","/resources/tcs/tcs_previous_year_paper.pdf",140312,"tcs","Previous Year Questions","",30,50,"medium"
"tcs-res-technical-subjects-placement-papers","Technical Subjects Placement Papers","/resources/tcs/technical-subjects-placement-papers.pdf",359679,"tcs","Core Subjects","",30,50,"medium"
"tcs-res-tcs_prepinsta_aptitide_146_pg_","TCS Prepinsta Aptitide 146 Pg","/resources/tcs/tcs_prepinsta_aptitide_146_pg_.pdf",5705713,"tcs","Aptitude","",120,100,"medium"
"tcs-res-tcs_prepinsta_technical_and_c_ques_118_p","TCS Prepinsta Technical and C Ques 118 Pg","/resources/tcs/tcs_prepinsta_technical_and_c_ques_118_pg_.pdf",406396,"tcs","Core Subjects","",30,50,"medium"
"tcs-res-tcs_technical_paid_paper","TCS Technical Paid Paper","/resources/tcs/tcs_technical_paid_paper.pdf",190457,"tcs","Core Subjects","",30,50,"medium"
"tcs-res-tcs_placement_papers","tcs placement papers","/resources/tcs/tcs_placement_papers.pdf",399781,"tcs","Previous Year Questions","",30,50,"medium"
"tcs-res-tcs_ninja_quest_sep_2018","Tcs ninja quest sep 2018","/resources/tcs/tcs_ninja_quest_sep_2018.pdf",299281,"tcs","Previous Year Questions","",30,50,"medium"
"tcs-res-tcs_nqt_2020_solutions","Tcs nqt 2020 solutions","/resources/tcs/tcs_nqt_2020_solutions.pdf",2691095,"tcs","Previous Year Questions","",60,100,"medium"
"tcs-res-tcs_nqt_model_programming_coding_questio","TCS NQT Model Programming Coding Questions Paper","/resources/tcs/tcs_nqt_model_programming_coding_questions_paper.pdf",47722,"tcs","DSA","",30,50,"medium"
"tcs-res-tcs_nqt_reasoning_problems_with_solution","TCS NQT Reasoning Problems With Solutions","/resources/tcs/tcs_nqt_reasoning_problems_with_solutions.pdf",86770,"tcs","Aptitude","",30,50,"medium"
"tcs-res-tcs_nqt_verbal_ability_english_questions","TCS NQT Verbal Ability English Questions Answers","/resources/tcs/tcs_nqt_verbal_ability_english_questions_answers.pdf",69596,"tcs","Verbal Ability","",30,50,"medium"
"tcs-res-tcs_placement_questions_paper_set_1","TCS Placement Questions Paper SET 1","/resources/tcs/tcs_placement_questions_paper_set_1.pdf",194393,"tcs","Previous Year Questions","",30,50,"medium"
"tcs-res-5_6080003232325697695","5_6080003232325697695","/resources/tcs/5_6080003232325697695.pdf",620135,"tcs","Previous Year Questions","",30,50,"medium"
"tcs-res-5_6080003232325697696","5_6080003232325697696","/resources/tcs/5_6080003232325697696.pdf",441397,"tcs","Previous Year Questions","",30,50,"medium"
"tcs-res-5_6080003232325697697","5_6080003232325697697","/resources/tcs/5_6080003232325697697.pdf",595003,"tcs","Previous Year Questions","",30,50,"medium"
"tcs-res-5_6080003232325697698","5_6080003232325697698","/resources/tcs/5_6080003232325697698.pdf",441397,"tcs","Previous Year Questions","",30,50,"medium"
"tcs-res-5_6080003232325697699","5_6080003232325697699","/resources/tcs/5_6080003232325697699.pdf",442122,"tcs","Previous Year Questions","",30,50,"medium"
"tcs-res-5_6080003232325697700","5_6080003232325697700","/resources/tcs/5_6080003232325697700.pdf",281623,"tcs","Previous Year Questions","",30,50,"medium"
"tcs-res-5_6080003232325697701","5_6080003232325697701","/resources/tcs/5_6080003232325697701.pdf",722144,"tcs","Previous Year Questions","",30,50,"medium"
"tcs-res-5_6080003232325697702","5_6080003232325697702","/resources/tcs/5_6080003232325697702.pdf",1157620,"tcs","Previous Year Questions","",60,100,"medium"
"tcs-res-5_6080003232325697703","5_6080003232325697703","/resources/tcs/5_6080003232325697703.pdf",282751,"tcs","Previous Year Questions","",30,50,"medium"
"tcs-res-5_6080003232325697704","5_6080003232325697704","/resources/tcs/5_6080003232325697704.pdf",252750,"tcs","Previous Year Questions","",30,50,"medium"
"tcs-res-5_6080132373402353971","5_6080132373402353971","/resources/tcs/5_6080132373402353971.pdf",598806,"tcs","Previous Year Questions","",30,50,"medium"
"tcs-res-5_6080132373402353972","5_6080132373402353972","/resources/tcs/5_6080132373402353972.pdf",595003,"tcs","Previous Year Questions","",30,50,"medium"
"tcs-res-5_6080132373402353973","5_6080132373402353973","/resources/tcs/5_6080132373402353973.pdf",442122,"tcs","Previous Year Questions","",30,50,"medium"
"tcs-res-5_6080132373402353974","5_6080132373402353974","/resources/tcs/5_6080132373402353974.pdf",295131,"tcs","Previous Year Questions","",30,50,"medium"
"tcs-res-5_6080132373402353975","5_6080132373402353975","/resources/tcs/5_6080132373402353975.pdf",265608,"tcs","Previous Year Questions","",30,50,"medium"
"tcs-res-5_6080132373402353976","5_6080132373402353976","/resources/tcs/5_6080132373402353976.pdf",316226,"tcs","Previous Year Questions","",30,50,"medium"
"tcs-res-5_6080132373402353977","5_6080132373402353977","/resources/tcs/5_6080132373402353977.pdf",680299,"tcs","Previous Year Questions","",30,50,"medium"
"tcs-res-5_6080132373402353978","5_6080132373402353978","/resources/tcs/5_6080132373402353978.pdf",248219,"tcs","Previous Year Questions","",30,50,"medium"
"tcs-res-5_6080132373402353979","5_6080132373402353979","/resources/tcs/5_6080132373402353979.pdf",425558,"tcs","Previous Year Questions","",30,50,"medium"
"tcs-res-5_6080132373402353980","5_6080132373402353980","/resources/tcs/5_6080132373402353980.pdf",304706,"tcs","Previous Year Questions","",30,50,"medium"
"tcs-res-5_6080132373402353981","5_6080132373402353981","/resources/tcs/5_6080132373402353981.pdf",250060,"tcs","Previous Year Questions","",30,50,"medium"
"tcs-res-5_6080132373402353982","5_6080132373402353982","/resources/tcs/5_6080132373402353982.pdf",576746,"tcs","Previous Year Questions","",30,50,"medium"
"tcs-res-5_6080132373402353983","5_6080132373402353983","/resources/tcs/5_6080132373402353983.pdf",231164,"tcs","Previous Year Questions","",30,50,"medium"
"tcs-res-5_6080132373402353984","5_6080132373402353984","/resources/tcs/5_6080132373402353984.pdf",437953,"tcs","Previous Year Questions","",30,50,"medium"
"tcs-res-5_6080132373402353985","5_6080132373402353985","/resources/tcs/5_6080132373402353985.pdf",410302,"tcs","Previous Year Questions","",30,50,"medium"
"tcs-res-5_6080132373402353986","5_6080132373402353986","/resources/tcs/5_6080132373402353986.pdf",191735,"tcs","Previous Year Questions","",30,50,"medium"
"tcs-res-5_6080132373402353987","5_6080132373402353987","/resources/tcs/5_6080132373402353987.pdf",622306,"tcs","Previous Year Questions","",30,50,"medium"
"tcs-res-5_6080132373402353988","5_6080132373402353988","/resources/tcs/5_6080132373402353988.pdf",407860,"tcs","Previous Year Questions","",30,50,"medium"
"tcs-res-5_6080132373402353989","5_6080132373402353989","/resources/tcs/5_6080132373402353989.pdf",589572,"tcs","Previous Year Questions","",30,50,"medium"
"tcs-res-5_6080132373402353990","5_6080132373402353990","/resources/tcs/5_6080132373402353990.pdf",1404019,"tcs","Previous Year Questions","",60,100,"medium"
"tcs-res-5_6080132373402353991","5_6080132373402353991","/resources/tcs/5_6080132373402353991.pdf",504903,"tcs","Previous Year Questions","",30,50,"medium"
"tcs-res-5_6080132373402353992","5_6080132373402353992","/resources/tcs/5_6080132373402353992.pdf",409112,"tcs","Previous Year Questions","",30,50,"medium"
"tcs-res-5_6080132373402353993","5_6080132373402353993","/resources/tcs/5_6080132373402353993.pdf",266987,"tcs","Previous Year Questions","",30,50,"medium"
"tcs-res-5_6080132373402353994","5_6080132373402353994","/resources/tcs/5_6080132373402353994.pdf",286128,"tcs","Previous Year Questions","",30,50,"medium"
"tcs-res-5_6080132373402353995","5_6080132373402353995","/resources/tcs/5_6080132373402353995.pdf",369063,"tcs","Previous Year Questions","",30,50,"medium"
"tcs-res-tcs-coding-programming-questions_1_","TCS Coding Programming Questions 1","/resources/tcs/tcs-coding-programming-questions_1_.pdf",426533,"tcs","DSA","",30,50,"medium"
"general-res-tcs_xyz_company_hr_interview_handwritten","TCS XYZ company HR interview handwritten notes","/resources/general/tcs_xyz_company_hr_interview_handwritten_notes_.pdf",2861829,"general","Interview Prep","",60,100,"medium"
"tech-mahindra-res-tech_m_f2f_qtns","Tech M F2F Qtns","/resources/tech-mahindra/tech_m_f2f_qtns.docx",26750,"tech-mahindra","Previous Year Questions","",30,50,"medium"
"tech-mahindra-res-tech_mahindra_f2f_questions","Tech Mahindra f2f questions","/resources/tech-mahindra/tech_mahindra_f2f_questions.docx",17313,"tech-mahindra","Previous Year Questions","",30,50,"medium"
"tech-mahindra-res-additional","Additional","/resources/tech-mahindra/additional.txt",193,"tech-mahindra","Previous Year Questions","",30,50,"medium"
"tech-mahindra-res-additional_2","Additional 2","/resources/tech-mahindra/additional_2.docx",13244,"tech-mahindra","Previous Year Questions","",30,50,"medium"
"tech-mahindra-res-section_english_language_-_comprehension","Section English Language Comprehension","/resources/tech-mahindra/section_english_language_-_comprehension.docx",37612,"tech-mahindra","Verbal Ability","",30,50,"medium"
"tech-mahindra-res-section_english_language_-_general_1","Section English Language General 1","/resources/tech-mahindra/section_english_language_-_general_1.docx",62104,"tech-mahindra","Verbal Ability","",30,50,"medium"
"tech-mahindra-res-section_english_language_-_general_2","Section English Language General 2","/resources/tech-mahindra/section_english_language_-_general_2.docx",113785,"tech-mahindra","Verbal Ability","",30,50,"medium"
"tech-mahindra-res-section_non_verbal_reasoning_-_figures","Section Non Verbal Reasoning Figures","/resources/tech-mahindra/section_non_verbal_reasoning_-_figures.docx",405639,"tech-mahindra","Aptitude","",30,50,"medium"
"tech-mahindra-res-section_quantitative_aptitude_-_arithema","Section Quantitative Aptitude Arithematic Ability","/resources/tech-mahindra/section_quantitative_aptitude_-_arithematic_ability.docx",66027,"tech-mahindra","Aptitude","",30,50,"medium"
"tech-mahindra-res-section_verbal_reasoning_-_general","Section Verbal Reasoning General","/resources/tech-mahindra/section_verbal_reasoning_-_general.docx",115035,"tech-mahindra","Aptitude","",30,50,"medium"
"tech-mahindra-res-section_verbal_reasoning_-_paragraph","Section Verbal Reasoning Paragraph","/resources/tech-mahindra/section_verbal_reasoning_-_paragraph.docx",31830,"tech-mahindra","Aptitude","",30,50,"medium"
"tech-mahindra-res-section_quantitative_aptitude_-_arithmet","Section Quantitative Aptitude Arithmetic Ability","/resources/tech-mahindra/section_quantitative_aptitude_-_arithmetic_ability.docx",65181,"tech-mahindra","Aptitude","",30,50,"medium"
"tech-mahindra-res-instructions_to_candidate","Instructions to Candidate","/resources/tech-mahindra/instructions_to_candidate.docx",14203,"tech-mahindra","Previous Year Questions","",30,50,"medium"
"tech-mahindra-res-english_language_-_comprehension","English Language Comprehension","/resources/tech-mahindra/english_language_-_comprehension.docx",39685,"tech-mahindra","Verbal Ability","",30,50,"medium"
"tech-mahindra-res-english_language_-_general_1","English Language General 1","/resources/tech-mahindra/english_language_-_general_1.docx",59326,"tech-mahindra","Verbal Ability","",30,50,"medium"
"tech-mahindra-res-english_language_-_general_2","English Language General 2","/resources/tech-mahindra/english_language_-_general_2.docx",110379,"tech-mahindra","Verbal Ability","",30,50,"medium"
"tech-mahindra-res-non_verbal_reasoning_-_figures","Non Verbal Reasoning Figures","/resources/tech-mahindra/non_verbal_reasoning_-_figures.docx",323417,"tech-mahindra","Aptitude","",30,50,"medium"
"tech-mahindra-res-quantitative_aptitude_-_arithematic_abil","Quantitative Aptitude Arithematic Ability","/resources/tech-mahindra/quantitative_aptitude_-_arithematic_ability.docx",62152,"tech-mahindra","Aptitude","",30,50,"medium"
"tech-mahindra-res-verbal_reasoning_-_general","Verbal Reasoning General","/resources/tech-mahindra/verbal_reasoning_-_general.docx",113053,"tech-mahindra","Aptitude","",30,50,"medium"
"tech-mahindra-res-verbal_reasoning_-_paragraph","Verbal Reasoning Paragraph","/resources/tech-mahindra/verbal_reasoning_-_paragraph.docx",28949,"tech-mahindra","Aptitude","",30,50,"medium"
"tech-mahindra-res-5_6080003232325697705","5_6080003232325697705","/resources/tech-mahindra/5_6080003232325697705.pdf",249930,"tech-mahindra","Previous Year Questions","",30,50,"medium"
"tech-mahindra-res-5_6080003232325697706","5_6080003232325697706","/resources/tech-mahindra/5_6080003232325697706.pdf",308527,"tech-mahindra","Previous Year Questions","",30,50,"medium"
"tech-mahindra-res-5_6080132373402353996","5_6080132373402353996","/resources/tech-mahindra/5_6080132373402353996.pdf",3631069,"tech-mahindra","Previous Year Questions","",60,100,"medium"
"tech-mahindra-res-5_6080132373402353997","5_6080132373402353997","/resources/tech-mahindra/5_6080132373402353997.pdf",248228,"tech-mahindra","Previous Year Questions","",30,50,"medium"
"tech-mahindra-res-_www.entrance-exam.net_-tech-mahindra2","www.entrance exam.net tech mahindra2","/resources/tech-mahindra/_www.entrance-exam.net_-tech-mahindra2.pdf",112629,"tech-mahindra","Previous Year Questions","",30,50,"medium"
"tech-mahindra-res-mahindra_british_telecom_test_papers_www","Mahindra British Telecom Test Papers[www.PlacementPapers.net]","/resources/tech-mahindra/mahindra_british_telecom_test_papers_www.placementpapers.net_.htm",14693,"tech-mahindra","Previous Year Questions","",30,50,"medium"
"tech-mahindra-res-mbt01_www.placementpapers.net_","MBT01[www.PlacementPapers.net]","/resources/tech-mahindra/mbt01_www.placementpapers.net_.txt",4418,"tech-mahindra","Previous Year Questions","",30,50,"medium"
"tech-mahindra-res-mbt02_www.placementpapers.net_","MBT02[www.PlacementPapers.net]","/resources/tech-mahindra/mbt02_www.placementpapers.net_.txt",2154,"tech-mahindra","Previous Year Questions","",30,50,"medium"
"tech-mahindra-res-mbt03_www.placementpapers.net_","MBT03[www.PlacementPapers.net]","/resources/tech-mahindra/mbt03_www.placementpapers.net_.txt",4150,"tech-mahindra","Previous Year Questions","",30,50,"medium"
"tech-mahindra-res-mbt04_www.placementpapers.net_","MBT04[www.PlacementPapers.net]","/resources/tech-mahindra/mbt04_www.placementpapers.net_.txt",3932,"tech-mahindra","Previous Year Questions","",30,50,"medium"
"tech-mahindra-res-mbt22_www.placementpapers.net_","mbt22[www.PlacementPapers.net]","/resources/tech-mahindra/mbt22_www.placementpapers.net_.txt",1507,"tech-mahindra","Previous Year Questions","",30,50,"medium"
"tech-mahindra-res-mbt99_1_www.placementpapers.net_","mbt99 1[www.PlacementPapers.net]","/resources/tech-mahindra/mbt99_1_www.placementpapers.net_.txt",5714,"tech-mahindra","Previous Year Questions","",30,50,"medium"
"tech-mahindra-res-mbt99_2_www.placementpapers.net_","mbt99 2[www.PlacementPapers.net]","/resources/tech-mahindra/mbt99_2_www.placementpapers.net_.txt",4251,"tech-mahindra","Previous Year Questions","",30,50,"medium"
"tech-mahindra-res-mbt_www.placementpapers.net_","mbt[www.PlacementPapers.net]","/resources/tech-mahindra/mbt_www.placementpapers.net_.htm",28911,"tech-mahindra","Previous Year Questions","",30,50,"medium"
"tech-mahindra-res-mbt_b_www.placementpapers.net_","mbt b[www.PlacementPapers.net]","/resources/tech-mahindra/mbt_b_www.placementpapers.net_.htm",29201,"tech-mahindra","Previous Year Questions","",30,50,"medium"
"tech-mahindra-res-mbt_paper1_www.placementpapers.net_","MBT Paper1[www.PlacementPapers.net]","/resources/tech-mahindra/mbt_paper1_www.placementpapers.net_.txt",4934,"tech-mahindra","Previous Year Questions","",30,50,"medium"
"tech-mahindra-res-mbt_paper2_www.placementpapers.net_","MBT Paper2[www.PlacementPapers.net]","/resources/tech-mahindra/mbt_paper2_www.placementpapers.net_.txt",2348,"tech-mahindra","Previous Year Questions","",30,50,"medium"
"tech-mahindra-res-mbt_paper3_www.placementpapers.net_","MBT Paper3[www.PlacementPapers.net]","/resources/tech-mahindra/mbt_paper3_www.placementpapers.net_.txt",5331,"tech-mahindra","Previous Year Questions","",30,50,"medium"
"tech-mahindra-res-mbt_paper4_www.placementpapers.net_","MBT Paper4[www.PlacementPapers.net]","/resources/tech-mahindra/mbt_paper4_www.placementpapers.net_.txt",2818,"tech-mahindra","Previous Year Questions","",30,50,"medium"
"tech-mahindra-res-mbt_paper5_www.placementpapers.net_","MBT Paper5[www.PlacementPapers.net]","/resources/tech-mahindra/mbt_paper5_www.placementpapers.net_.doc",31232,"tech-mahindra","Previous Year Questions","",30,50,"medium"
"tech-mahindra-res-mbt_pattern1_www.placementpapers.net_","MBT Pattern1[www.PlacementPapers.net]","/resources/tech-mahindra/mbt_pattern1_www.placementpapers.net_.txt",1775,"tech-mahindra","Previous Year Questions","",30,50,"medium"
"tech-mahindra-res-mbt_pattern2_www.placementpapers.net_","MBT Pattern2[www.PlacementPapers.net]","/resources/tech-mahindra/mbt_pattern2_www.placementpapers.net_.txt",1793,"tech-mahindra","Previous Year Questions","",30,50,"medium"
"tech-mahindra-res-mbt_pattern3_www.placementpapers.net_","MBT Pattern3[www.PlacementPapers.net]","/resources/tech-mahindra/mbt_pattern3_www.placementpapers.net_.txt",4108,"tech-mahindra","Previous Year Questions","",30,50,"medium"
"tech-mahindra-res-mbt_pattern4_www.placementpapers.net_","MBT Pattern4[www.PlacementPapers.net]","/resources/tech-mahindra/mbt_pattern4_www.placementpapers.net_.txt",2464,"tech-mahindra","Previous Year Questions","",30,50,"medium"
"tech-mahindra-res-mbt_pattern5_www.placementpapers.net_","MBT Pattern5[www.PlacementPapers.net]","/resources/tech-mahindra/mbt_pattern5_www.placementpapers.net_.txt",3215,"tech-mahindra","Previous Year Questions","",30,50,"medium"
"tech-mahindra-res-mbt_pattern6_www.placementpapers.net_","MBT Pattern6[www.PlacementPapers.net]","/resources/tech-mahindra/mbt_pattern6_www.placementpapers.net_.txt",1911,"tech-mahindra","Previous Year Questions","",30,50,"medium"
"tech-mahindra-res-mbt_rect_www.placementpapers.net_","mbt rect[www.PlacementPapers.net]","/resources/tech-mahindra/mbt_rect_www.placementpapers.net_.txt",10719,"tech-mahindra","Previous Year Questions","",30,50,"medium"
"tech-mahindra-res-tech_mahindra","tech mahindra","/resources/tech-mahindra/tech_mahindra.pdf",176361,"tech-mahindra","Previous Year Questions","",30,50,"medium"
"tech-mahindra-res-tech-mahindra-placement-papers_1_","Tech Mahindra Placement Papers 1","/resources/tech-mahindra/tech-mahindra-placement-papers_1_.pdf",176361,"tech-mahindra","Previous Year Questions","",30,50,"medium"
"tech-mahindra-res-tech-mahindra-aptitude-questions-and-ans","Tech Mahindra Aptitude Questions and Answers 1","/resources/tech-mahindra/tech-mahindra-aptitude-questions-and-answers_1_.pdf",85727,"tech-mahindra","Aptitude","",30,50,"medium"
"tech-mahindra-res-tech-mahindra-non-verbal-reasoning-quest","Tech Mahindra Non Verbal Reasoning Questions and Answers","/resources/tech-mahindra/tech-mahindra-non-verbal-reasoning-questions-and-answers.pdf",96599,"tech-mahindra","Aptitude","",30,50,"medium"
"unisys-res-unisys","UNISYS","/resources/unisys/unisys.doc",22528,"unisys","Previous Year Questions","",30,50,"medium"
"wipro-res-5_6141092154199507004","5_6141092154199507004","/resources/wipro/5_6141092154199507004.pdf",339996,"wipro","Previous Year Questions","",30,50,"medium"
"wipro-res-5_6181365461238677558","5_6181365461238677558","/resources/wipro/5_6181365461238677558.pdf",810224,"wipro","Previous Year Questions","",30,50,"medium"
"wipro-res-5_6181365461238677559","5_6181365461238677559","/resources/wipro/5_6181365461238677559.pdf",787544,"wipro","Previous Year Questions","",30,50,"medium"
"wipro-res-5_6183688909696794685","5_6183688909696794685","/resources/wipro/5_6183688909696794685.pdf",822671,"wipro","Previous Year Questions","",30,50,"medium"
"wipro-res-5_6226315236043915358","5_6226315236043915358","/resources/wipro/5_6226315236043915358.pdf",822671,"wipro","Previous Year Questions","",30,50,"medium"
"wipro-res-5_6228709422613397603","5_6228709422613397603","/resources/wipro/5_6228709422613397603.pdf",787544,"wipro","Previous Year Questions","",30,50,"medium"
"wipro-res-all_you_need_to_know_about_the_wipro_nat","All you need to know about the Wipro National Hunt Test 1","/resources/wipro/all_you_need_to_know_about_the_wipro_national_hunt_test_1_.pdf",268873,"wipro","Previous Year Questions","",30,50,"medium"
"wipro-res-cp","CP","/resources/wipro/cp.pdf",810224,"wipro","Previous Year Questions","",30,50,"medium"
"wipro-res-elite_national_talent_hunt-_faqs","Elite National Talent Hunt FAQs","/resources/wipro/elite_national_talent_hunt-_faqs.pdf",489835,"wipro","Previous Year Questions","",30,50,"medium"
"wipro-res-model_wipro_elite_nlth_placement_questio","Model Wipro Elite NLTH Placement Question Set 2","/resources/wipro/model_wipro_elite_nlth_placement_question_set_2.pdf",56346,"wipro","Previous Year Questions","",30,50,"medium"
"wipro-res-sample_wipro_elite_nlth_coding_placement","Sample Wipro Elite NLTH Coding Placement Papers","/resources/wipro/sample_wipro_elite_nlth_coding_placement_papers.pdf",74179,"wipro","DSA","",30,50,"medium"
"wipro-res-sample_wipro_nlth_placement_paper_-_set","Sample Wipro NLTH Placement Paper Set","/resources/wipro/sample_wipro_nlth_placement_paper_-_set.pdf",57774,"wipro","Previous Year Questions","",30,50,"medium"
"wipro-res-sample-wipro-elite-nlth-reasoning-questi","Sample Wipro Elite NLTH Reasoning Questions With Answers With Solutions","/resources/wipro/sample-wipro-elite-nlth-reasoning-questions-with-answers-with-solutions.pdf",221503,"wipro","Aptitude","",30,50,"medium"
"wipro-res-wipro_elite_nlth_sample_aptitude_questio","Wipro Elite NLTH Sample Aptitude Questions and Answers","/resources/wipro/wipro_elite_nlth_sample_aptitude_questions_and_answers.pdf",132312,"wipro","Aptitude","",30,50,"medium"
"wipro-res-wipro_essay_writing_topics","wipro essay writing topics","/resources/wipro/wipro_essay_writing_topics.doc",40960,"wipro","Previous Year Questions","",30,50,"medium"
"wipro-res-wipro_essay_writing","WIPRO ESSAY WRITING","/resources/wipro/wipro_essay_writing.docx",13843,"wipro","Previous Year Questions","",30,50,"medium"
"wipro-res-wipro-elite-nlth-coding-programming-ques","Wipro Elite NLTH Coding Programming Questions","/resources/wipro/wipro-elite-nlth-coding-programming-questions.pdf",507437,"wipro","DSA","",30,50,"medium"
"wipro-res-mock_test_key_and_answers","mock test key and answers","/resources/wipro/mock_test_key_and_answers.pdf",384351,"wipro","Previous Year Questions","",30,50,"medium"
"wipro-res-pi_original_wipro_computer_automata-1","PI Original Wipro Computer Automata 1","/resources/wipro/pi_original_wipro_computer_automata-1.pdf",810224,"wipro","Previous Year Questions","",30,50,"medium"
"wipro-res-pi_pro_paid_wipro_english-1","PI Pro Paid Wipro English 1","/resources/wipro/pi_pro_paid_wipro_english-1.pdf",787544,"wipro","Verbal Ability","",30,50,"medium"
"wipro-res-pi_pro_paid_wipro_quants-1","PI Pro Paid Wipro Quants 1","/resources/wipro/pi_pro_paid_wipro_quants-1.pdf",822671,"wipro","Aptitude","",30,50,"medium"
"wipro-res-qa","QA","/resources/wipro/qa.pdf",822671,"wipro","Previous Year Questions","",30,50,"medium"
"wipro-res-verbal_english","Verbal English","/resources/wipro/verbal_english.pdf",787544,"wipro","Verbal Ability","",30,50,"medium"
"wipro-res-wipro_1_1_","wipro 1 1","/resources/wipro/wipro_1_1_.pdf",822671,"wipro","Previous Year Questions","",30,50,"medium"
"wipro-res-wipro_1_","wipro 1","/resources/wipro/wipro_1_.pdf",787544,"wipro","Previous Year Questions","",30,50,"medium"
"wipro-res-wipro_2019_papers","wipro 2019 papers","/resources/wipro/wipro_2019_papers.pdf",19501134,"wipro","Previous Year Questions","",120,100,"medium"
"wipro-res-wipro_coding_91pgs_","Wipro coding 91pgs","/resources/wipro/wipro_coding_91pgs_.pdf",507437,"wipro","DSA","",30,50,"medium"
"wipro-res-wipro_essay_writing_handwritten_notes","wipro essay writing handwritten notes","/resources/wipro/wipro_essay_writing_handwritten_notes.pdf",3545745,"wipro","Interview Prep","",60,100,"medium"
"wipro-res-wipro_faceprep_essay_writing_workshop_13","Wipro faceprep essay writing workshop 13pgs","/resources/wipro/wipro_faceprep_essay_writing_workshop_13pgs_.pdf",313755,"wipro","Previous Year Questions","",30,50,"medium"
"wipro-res-5_6080003232325697707","5_6080003232325697707","/resources/wipro/5_6080003232325697707.pdf",284109,"wipro","Previous Year Questions","",30,50,"medium"
"wipro-res-5_6080003232325697708","5_6080003232325697708","/resources/wipro/5_6080003232325697708.pdf",334615,"wipro","Previous Year Questions","",30,50,"medium"
"wipro-res-5_6080003232325697709","5_6080003232325697709","/resources/wipro/5_6080003232325697709.pdf",2816334,"wipro","Previous Year Questions","",60,100,"medium"
"wipro-res-5_6080003232325697710","5_6080003232325697710","/resources/wipro/5_6080003232325697710.pdf",339896,"wipro","Previous Year Questions","",30,50,"medium"
"wipro-res-5_6080003232325697711","5_6080003232325697711","/resources/wipro/5_6080003232325697711.pdf",370410,"wipro","Previous Year Questions","",30,50,"medium"
"wipro-res-5_6080003232325697712","5_6080003232325697712","/resources/wipro/5_6080003232325697712.pdf",245513,"wipro","Previous Year Questions","",30,50,"medium"
"wipro-res-5_6080003232325697713","5_6080003232325697713","/resources/wipro/5_6080003232325697713.pdf",263108,"wipro","Previous Year Questions","",30,50,"medium"
"wipro-res-5_6080003232325697714","5_6080003232325697714","/resources/wipro/5_6080003232325697714.pdf",361433,"wipro","Previous Year Questions","",30,50,"medium"
"wipro-res-5_6080132373402353998","5_6080132373402353998","/resources/wipro/5_6080132373402353998.pdf",256966,"wipro","Previous Year Questions","",30,50,"medium"
"wipro-res-5_6080132373402353999","5_6080132373402353999","/resources/wipro/5_6080132373402353999.pdf",284262,"wipro","Previous Year Questions","",30,50,"medium"
"wipro-res-5_6080132373402354000","5_6080132373402354000","/resources/wipro/5_6080132373402354000.pdf",289981,"wipro","Previous Year Questions","",30,50,"medium"
"wipro-res-5_6080132373402354001","5_6080132373402354001","/resources/wipro/5_6080132373402354001.pdf",271176,"wipro","Previous Year Questions","",30,50,"medium"
"wipro-res-5_6080132373402354002","5_6080132373402354002","/resources/wipro/5_6080132373402354002.pdf",817067,"wipro","Previous Year Questions","",30,50,"medium"
"wipro-res-5_6080132373402354003","5_6080132373402354003","/resources/wipro/5_6080132373402354003.pdf",290218,"wipro","Previous Year Questions","",30,50,"medium"
"wipro-res-5_6080132373402354004","5_6080132373402354004","/resources/wipro/5_6080132373402354004.pdf",412253,"wipro","Previous Year Questions","",30,50,"medium"
"wipro-res-5_6080132373402354005","5_6080132373402354005","/resources/wipro/5_6080132373402354005.pdf",2541365,"wipro","Previous Year Questions","",60,100,"medium"
"wipro-res-5_6080132373402354006","5_6080132373402354006","/resources/wipro/5_6080132373402354006.pdf",888166,"wipro","Previous Year Questions","",30,50,"medium"
"wipro-res-5_6080132373402354007","5_6080132373402354007","/resources/wipro/5_6080132373402354007.pdf",320626,"wipro","Previous Year Questions","",30,50,"medium"
"wipro-res-5_6080132373402354008","5_6080132373402354008","/resources/wipro/5_6080132373402354008.pdf",1495284,"wipro","Previous Year Questions","",60,100,"medium"
"wipro-res-5_6080132373402354009","5_6080132373402354009","/resources/wipro/5_6080132373402354009.pdf",247772,"wipro","Previous Year Questions","",30,50,"medium"
"wipro-res-5_6080132373402354010","5_6080132373402354010","/resources/wipro/5_6080132373402354010.pdf",339874,"wipro","Previous Year Questions","",30,50,"medium"
"wipro-res-5_6080132373402354011","5_6080132373402354011","/resources/wipro/5_6080132373402354011.pdf",286947,"wipro","Previous Year Questions","",30,50,"medium"
"wipro-res-5_6080132373402354012","5_6080132373402354012","/resources/wipro/5_6080132373402354012.pdf",1056132,"wipro","Previous Year Questions","",60,100,"medium"
"wipro-res-5_6080132373402354013","5_6080132373402354013","/resources/wipro/5_6080132373402354013.pdf",258054,"wipro","Previous Year Questions","",30,50,"medium"
"wipro-res-5_6080132373402354014","5_6080132373402354014","/resources/wipro/5_6080132373402354014.pdf",257951,"wipro","Previous Year Questions","",30,50,"medium"
"wipro-res-5_6080132373402354015","5_6080132373402354015","/resources/wipro/5_6080132373402354015.pdf",331146,"wipro","Previous Year Questions","",30,50,"medium"
"wipro-res-5_6080132373402354016","5_6080132373402354016","/resources/wipro/5_6080132373402354016.pdf",328053,"wipro","Previous Year Questions","",30,50,"medium"
"wipro-res-5_6080132373402354017","5_6080132373402354017","/resources/wipro/5_6080132373402354017.pdf",278471,"wipro","Previous Year Questions","",30,50,"medium"
"wipro-res-5_6080132373402354018","5_6080132373402354018","/resources/wipro/5_6080132373402354018.pdf",361535,"wipro","Previous Year Questions","",30,50,"medium"
"wipro-res-5_6080132373402354019","5_6080132373402354019","/resources/wipro/5_6080132373402354019.pdf",328128,"wipro","Previous Year Questions","",30,50,"medium"
"wipro-res-5_6080132373402354020","5_6080132373402354020","/resources/wipro/5_6080132373402354020.pdf",467846,"wipro","Previous Year Questions","",30,50,"medium"
"wipro-res-wipro","Wipro","/resources/wipro/wipro.docx",231378,"wipro","Previous Year Questions","",30,50,"medium"
"wipro-res-wipro_code","Wipro Code","/resources/wipro/wipro_code.pdf",377914,"wipro","Previous Year Questions","",30,50,"medium"
"wipro-res-wipro_code_difficult","Wipro Code Difficult","/resources/wipro/wipro_code_difficult.pdf",9579680,"wipro","Previous Year Questions","",120,100,"medium"
"wipro-res-wipro_english","Wipro english","/resources/wipro/wipro_english.pdf",720163,"wipro","Verbal Ability","",30,50,"medium"
"wipro-res-wipro_logical","Wipro logical","/resources/wipro/wipro_logical.pdf",1661120,"wipro","Previous Year Questions","",60,100,"medium"
"wipro-res-wipro_logical_test","WIPRO LOGICAL TEST","/resources/wipro/wipro_logical_test.docx",88272,"wipro","Previous Year Questions","",30,50,"medium"
"wipro-res-wipro_quant","Wipro quant","/resources/wipro/wipro_quant.pdf",724929,"wipro","Aptitude","",30,50,"medium"
"wipro-res-wipro_quant_test","WIPRO QUANT TEST","/resources/wipro/wipro_quant_test.docx",30452,"wipro","Aptitude","",30,50,"medium"
"wipro-res-wipro_verbal","WIPRO Verbal","/resources/wipro/wipro_verbal.docx",19311,"wipro","Verbal Ability","",30,50,"medium"
"general-res-word_power_made_easy_by_study_iq_-_how_t","Word Power Made Easy by Study IQ How to talk about Doctors","/resources/general/word_power_made_easy_by_study_iq_-_how_to_talk_about_doctors.pdf",39839033,"general","Verbal Ability","",120,100,"medium"
"zenpact-res-genpact-aptitude-questions-and-answers","Genpact Aptitude Questions and Answers","/resources/zenpact/genpact-aptitude-questions-and-answers.pdf",200759,"zenpact","Aptitude","",30,50,"medium"
"zenpact-res-genpact-reasoning-questions","Genpact Reasoning Questions","/resources/zenpact/genpact-reasoning-questions.pdf",85024,"zenpact","Aptitude","",30,50,"medium"
"zenpact-res-genpact-verbal-ability-questions","Genpact Verbal Ability Questions","/resources/zenpact/genpact-verbal-ability-questions.pdf",81720,"zenpact","Verbal Ability","",30,50,"medium"
"zoho-res-zoho_1_","zoho 1","/resources/zoho/zoho_1_.pdf",64289,"zoho","Previous Year Questions","",30,50,"medium"
"zoho-res-zoho","zoho","/resources/zoho/zoho.pdf",64289,"zoho","Previous Year Questions","",30,50,"medium"
"zoho-res-zoho11","zoho11","/resources/zoho/zoho11.pdf",176405,"zoho","Previous Year Questions","",30,50,"medium"
"zoho-res-zoho2","zoho2","/resources/zoho/zoho2.pdf",115626,"zoho","Previous Year Questions","",30,50,"medium"